id,time,thumb,index_finger,index_knuckle,middle_finger,middle_knuckle,ring_finger,ring_knuckle,pinky_finger,accel_x,accel_y,accel_z,gyro_x,gyro_y,gyro_z
0,1.51866E+12,0,0,0,0,0,0,0,NaN,23384,-8060,-13096,2812,4009,889
1,1.51866E+12,0,0,0,0,0,0,0,0,22440,-7976,-13204,-857,5382,1311
2,1.51866E+12,0,0,0,0,0,0,0,0,22640,-8480,-13748,32767,-1,-1
3,1.51866E+12,0,0,0,0,0,0,0,0,22640,-8480,-13748,32767,-1,-1
4,1.51866E+12,0,0,0,0,0,0,0,0,22640,-8480,-13748,32767,-1,-1
5,1.51866E+12,0,0,0,0,0,0,0,0,22640,-8480,-13748,32767,-1,-1
6,1.51866E+12,0,0,0,0,0,0,0,0,22640,-8480,-13748,32767,-1,-1
7,1.51866E+12,0,0,0,0,0,0,0,0,22640,-8480,-13748,32767,-1,-1
8,1.51866E+12,0,0,0,0,0,0,0,0,22640,-8480,-13748,32767,-1,-1
9,1.51866E+12,0,0,0,0,0,0,0,0,22640,-8480,-13748,32767,-1,-1
10,1.51866E+12,0,0,0,0,0,0,0,0,22640,-8480,-13748,32767,-1,-1
11,1.51866E+12,0,0,0,0,0,0,0,0,22640,-8480,-13748,32767,-1,-1
12,1.51866E+12,0,0,0,0,0,0,0,0,22640,-8480,-13748,32767,-1,-1
13,1.51866E+12,0,0,0,0,0,0,0,0,22640,-8480,-13748,32767,-1,-1
14,1.51866E+12,0,0,0,0,0,0,0,0,22640,-8480,-13748,32767,-1,-1
15,1.51866E+12,0,0,0,0,0,0,0,0,22640,-8480,-13748,32767,-1,-1
16,1.51866E+12,0,0,0,0,0,0,0,0,22640,-8480,-13748,32767,-1,-1
17,1.51866E+12,0,0,0,0,0,0,0,0,22640,-8480,-13748,32767,-1,-1
18,1.51866E+12,0,0,0,0,0,0,0,0,22640,-8480,-13748,32767,-1,-1
19,1.51866E+12,0,0,0,0,0,0,0,0,22640,-8480,-13748,32767,-1,-1
20,1.51866E+12,0,0,0,0,0,0,0,0,22640,-8480,-13748,32767,-1,-1
21,1.51866E+12,0,0,0,0,0,0,0,0,22640,-8480,-13748,32767,-1,-1
22,1.51866E+12,0,0,0,0,0,0,0,0,22640,-8480,-13748,32767,-1,-1
23,1.51866E+12,0,0,0,0,0,0,0,0,22640,-8480,-13748,32767,-1,-1
24,1.51866E+12,0,0,0,0,0,0,0,0,22640,-8480,-13748,32767,-1,-1
25,1.51866E+12,0,0,0,0,0,0,0,0,22640,-8480,-13748,32767,-1,-1
26,1.51866E+12,0,0,0,0,0,0,0,0,22640,-8480,-13748,32767,-1,-1
27,1.51866E+12,0,0,0,0,0,0,0,0,22640,-8480,-13748,32767,-1,-1
28,1.51866E+12,0,0,0,0,0,0,0,0,22640,-8480,-13748,32767,-1,-1
29,1.51866E+12,0,0,0,0,0,0,0,0,22640,-8480,-13748,32767,-1,-1
30,1.51866E+12,0,0,0,0,0,0,0,0,22640,-8480,-13748,32767,-1,-1
31,1.51866E+12,0,0,0,0,0,0,0,0,22640,-8480,-13748,32767,-1,-1
32,1.51866E+12,0,0,0,0,0,0,0,0,22640,-8480,-13748,32767,-1,-1
33,1.51866E+12,0,0,0,0,0,0,0,0,22640,-8480,-13748,32767,-1,-1
34,1.51866E+12,0,0,0,0,0,0,0,0,22640,-8480,-13748,32767,-1,-1
35,1.51866E+12,0,0,0,0,0,0,0,0,22640,-8480,-13748,32767,-1,-1
36,1.51866E+12,0,0,0,0,0,0,0,0,22640,-8480,-13748,32767,-1,-1
37,1.51866E+12,0,0,0,0,0,0,0,0,22640,-8480,-13748,32767,-1,-1
38,1.51866E+12,0,0,0,0,0,0,0,0,22640,-8480,-13748,32767,-1,-1
39,1.51866E+12,0,0,0,0,0,0,0,0,22640,-8480,-13748,32767,-1,-1
40,1.51866E+12,0,0,0,0,0,0,0,0,22640,-8480,-13748,32767,-1,-1
41,1.51866E+12,0,0,0,0,0,0,0,0,22640,-8480,-13748,32767,-1,-1
42,1.51866E+12,0,0,0,0,0,0,0,0,22640,-8480,-13748,32767,-1,-1
43,1.51866E+12,0,0,0,0,0,0,0,0,22640,-8480,-13748,32767,-1,-1
44,1.51866E+12,0,0,0,0,0,0,0,0,22640,-8480,-13748,32767,-1,-1
45,1.51866E+12,0,0,0,0,0,0,0,0,22640,-8480,-13748,32767,-1,-1
46,1.51866E+12,0,0,0,0,0,0,0,0,22640,-8480,-13748,32767,-1,-1
47,1.51866E+12,0,0,0,0,0,0,0,0,22640,-8480,-13748,32767,-1,-1
48,1.51866E+12,0,0,0,0,0,0,0,0,22640,-8480,-13748,32767,-1,-1
49,1.51866E+12,0,0,0,0,0,0,0,0,22640,-8480,-13748,32767,-1,-1
50,1.51866E+12,0,0,0,0,0,0,0,0,22640,-8480,-13748,32767,-1,-1
51,1.51866E+12,0,0,0,0,0,0,0,0,22640,-8480,-13748,32767,-1,-1
52,1.51866E+12,0,0,0,0,0,0,0,0,22640,-8480,-13748,32767,-1,-1
53,1.51866E+12,0,0,0,0,0,0,0,0,22640,-8480,-13748,32767,-1,-1
54,1.51866E+12,0,0,0,0,0,0,0,0,22640,-8480,-13748,32767,-1,-1
55,1.51866E+12,0,0,0,0,0,0,0,0,22640,-8480,-13748,32767,-1,-1
56,1.51866E+12,0,0,0,0,0,0,0,0,22640,-8480,-13748,32767,-1,-1
57,1.51866E+12,0,0,0,0,0,0,0,0,22640,-8480,-13748,32767,-1,-1
58,1.51866E+12,0,0,0,0,0,0,0,0,22640,-8480,-13748,32767,-1,-1
59,1.51866E+12,0,0,0,0,0,0,0,0,22640,-8480,-13748,32767,-1,-1
60,1.51866E+12,0,0,0,0,0,0,0,0,22640,-8480,-13748,32767,-1,-1
61,1.51866E+12,0,0,0,0,0,0,0,0,22640,-8480,-13748,32767,-1,-1
62,1.51866E+12,0,0,0,0,0,0,0,0,22640,-8480,-13748,32767,-1,-1
63,1.51866E+12,0,0,0,0,0,0,0,0,22640,-8480,-13748,32767,-1,-1
64,1.51866E+12,0,0,0,0,0,0,0,0,22640,-8480,-13748,32767,-1,-1
65,1.51866E+12,0,0,0,0,0,0,0,0,22640,-8480,-13748,32767,-1,-1
66,1.51866E+12,0,0,0,0,0,0,0,0,22640,-8480,-13748,32767,-1,-1
67,1.51866E+12,0,0,0,0,0,0,0,0,22640,-8480,-13748,32767,-1,-1
68,1.51866E+12,0,0,0,0,0,0,0,0,22640,-8480,-13748,32767,-1,-1
69,1.51866E+12,0,0,0,0,0,0,0,0,22640,-8480,-13748,32767,-1,-1
70,1.51866E+12,0,0,0,0,0,0,0,0,22640,-8480,-13748,32767,-1,-1
71,1.51866E+12,0,0,0,0,0,0,0,0,22640,-8480,-13748,32767,-1,-1
72,1.51866E+12,0,0,0,0,0,0,0,0,22640,-8480,-13748,32767,-1,-1
73,1.51866E+12,0,0,0,0,0,0,0,0,22640,-8480,-13748,32767,-1,-1
74,1.51866E+12,0,0,0,0,0,0,0,0,22640,-8480,-13748,32767,-1,-1
75,1.51866E+12,0,0,0,0,0,0,0,0,22640,-8480,-13748,32767,-1,-1
76,1.51866E+12,0,0,0,0,0,0,0,0,22640,-8480,-13748,32767,-1,-1
77,1.51866E+12,0,0,0,0,0,0,0,0,22640,-8480,-13748,32767,-1,-1
78,1.51866E+12,0,0,0,0,0,0,0,0,22640,-8480,-13748,32767,-1,-1
79,1.51866E+12,0,0,0,0,0,0,0,0,22640,-8480,-13748,32767,-1,-1
80,1.51866E+12,0,0,0,0,0,0,0,0,22640,-8480,-13748,32767,-1,-1
81,1.51866E+12,0,0,0,0,0,0,0,0,22640,-8480,-13748,32767,-1,-1
82,1.51866E+12,0,0,0,0,0,0,0,0,22640,-8480,-13748,32767,-1,-1
83,1.51866E+12,0,0,0,0,0,0,0,0,22640,-8480,-13748,32767,-1,-1
84,1.51866E+12,0,0,0,0,0,0,0,0,22640,-8480,-13748,32767,-1,-1
85,1.51866E+12,0,0,0,0,0,0,0,0,22640,-8480,-13748,32767,-1,-1
86,1.51866E+12,0,0,0,0,0,0,0,0,22640,-8480,-13748,32767,-1,-1
87,1.51866E+12,0,0,0,0,0,0,0,0,22640,-8480,-13748,32767,-1,-1
88,1.51866E+12,0,0,0,0,0,0,0,0,22640,-8480,-13748,32767,-1,-1
89,1.51866E+12,0,0,0,0,0,0,0,0,22640,-8480,-13748,32767,-1,-1
90,1.51866E+12,0,0,0,0,0,0,0,0,22640,-8480,-13748,32767,-1,-1
91,1.51866E+12,0,0,0,0,0,0,0,0,22640,-8480,-13748,32767,-1,-1
92,1.51866E+12,0,0,0,0,0,0,0,0,22640,-8480,-13748,32767,-1,-1
93,1.51866E+12,0,0,0,0,0,0,0,0,22640,-8480,-13748,32767,-1,-1
94,1.51866E+12,0,0,0,0,0,0,0,0,22640,-8480,-13748,32767,-1,-1
95,1.51866E+12,0,0,0,0,0,0,0,0,22640,-8480,-13748,32767,-1,-1
96,1.51866E+12,0,0,0,0,0,0,0,0,22640,-8480,-13748,32767,-1,-1
97,1.51866E+12,0,0,0,0,0,0,0,0,22640,-8480,-13748,32767,-1,-1
98,1.51866E+12,0,0,0,0,0,0,0,0,22640,-8480,-13748,32767,-1,-1
99,1.51866E+12,0,0,0,0,0,0,0,0,22640,-8480,-13748,32767,-1,-1
100,1.51866E+12,0,0,0,0,0,0,0,0,22640,-8480,-13748,32767,-1,-1
101,1.51866E+12,0,0,0,0,0,0,0,0,22640,-8480,-13748,32767,-1,-1
102,1.51866E+12,0,0,0,0,0,0,0,0,22640,-8480,-13748,32767,-1,-1
103,1.51866E+12,0,0,0,0,0,0,0,0,22640,-8480,-13748,32767,-1,-1
104,1.51866E+12,0,0,0,0,0,0,0,0,22640,-8480,-13748,32767,-1,-1
105,1.51866E+12,0,0,0,0,0,0,0,0,22640,-8480,-13748,32767,-1,-1
106,1.51866E+12,0,0,0,0,0,0,0,0,22640,-8480,-13748,32767,-1,-1
107,1.51866E+12,0,0,0,0,0,0,0,0,22640,-8480,-13748,32767,-1,-1
108,1.51866E+12,0,0,0,0,0,0,0,0,22640,-8480,-13748,32767,-1,-1
109,1.51866E+12,0,0,0,0,0,0,0,0,22640,-8480,-13748,32767,-1,-1
110,1.51866E+12,0,0,0,0,0,0,0,0,22640,-8480,-13748,32767,-1,-1
111,1.51866E+12,0,0,0,0,0,0,0,0,22640,-8480,-13748,32767,-1,-1
112,1.51866E+12,0,0,0,0,0,0,0,0,22640,-8480,-13748,32767,-1,-1
113,1.51866E+12,0,0,0,0,0,0,0,0,22640,-8480,-13748,32767,-1,-1
114,1.51866E+12,0,0,0,0,0,0,0,0,22640,-8480,-13748,32767,-1,-1
115,1.51866E+12,0,0,0,0,0,0,0,0,22640,-8480,-13748,32767,-1,-1
116,1.51866E+12,0,0,0,0,0,0,0,0,22640,-8480,-13748,32767,-1,-1
117,1.51866E+12,0,0,0,0,0,0,0,0,22640,-8480,-13748,32767,-1,-1
118,1.51866E+12,0,0,0,0,0,0,0,0,22640,-8480,-13748,32767,-1,-1
119,1.51866E+12,0,0,0,0,0,0,0,0,22640,-8480,-13748,32767,-1,-1
120,1.51866E+12,0,0,0,0,0,0,0,0,22640,-8480,-13748,32767,-1,-1
121,1.51866E+12,0,0,0,0,0,0,0,0,22640,-8480,-13748,32767,-1,-1
122,1.51866E+12,0,0,0,0,0,0,0,0,22640,-8480,-13748,32767,-1,-1
123,1.51866E+12,0,0,0,0,0,0,0,0,22640,-8480,-13748,32767,-1,-1
124,1.51866E+12,0,0,0,0,0,0,0,0,22640,-8480,-13748,32767,-1,-1
125,1.51866E+12,0,0,0,0,0,0,0,0,22640,-8480,-13748,32767,-1,-1
126,1.51866E+12,0,0,0,0,0,0,0,0,22640,-8480,-13748,32767,-1,-1
127,1.51866E+12,0,0,0,0,0,0,0,0,22640,-8480,-13748,32767,-1,-1
128,1.51866E+12,0,0,0,0,0,0,0,0,22640,-8480,-13748,32767,-1,-1
129,1.51866E+12,0,0,0,0,0,0,0,0,22640,-8480,-13748,32767,-1,-1
130,1.51866E+12,0,0,0,0,0,0,0,0,22640,-8480,-13748,32767,-1,-1
131,1.51866E+12,0,0,0,0,0,0,0,0,22640,-8480,-13748,32767,-1,-1
132,1.51866E+12,0,0,0,0,0,0,0,0,22640,-8480,-13748,32767,-1,-1
133,1.51866E+12,0,0,0,0,0,0,0,0,22640,-8480,-13748,32767,-1,-1
134,1.51866E+12,0,0,0,0,0,0,0,0,22640,-8480,-13748,32767,-1,-1
135,1.51866E+12,0,0,0,0,0,0,0,0,22640,-8480,-13748,32767,-1,-1
136,1.51866E+12,0,0,0,0,0,0,0,0,22640,-8480,-13748,32767,-1,-1
137,1.51866E+12,0,0,0,0,0,0,0,0,22640,-8480,-13748,32767,-1,-1
138,1.51866E+12,0,0,0,0,0,0,0,0,22640,-8480,-13748,32767,-1,-1
139,1.51866E+12,0,0,0,0,0,0,0,0,22640,-8480,-13748,32767,-1,-1
140,1.51866E+12,0,0,0,0,0,0,0,0,22640,-8480,-13748,32767,-1,-1
141,1.51866E+12,0,0,0,0,0,0,0,0,22640,-8480,-13748,32767,-1,-1
142,1.51866E+12,0,0,0,0,0,0,0,0,22640,-8480,-13748,32767,-1,-1
143,1.51866E+12,0,0,0,0,0,0,0,0,22640,-8480,-13748,32767,-1,-1
144,1.51866E+12,0,0,0,0,0,0,0,0,22640,-8480,-13748,32767,-1,-1
145,1.51866E+12,0,0,0,0,0,0,0,0,22640,-8480,-13748,32767,-1,-1
146,1.51866E+12,0,0,0,0,0,0,0,0,22640,-8480,-13748,32767,-1,-1
147,1.51866E+12,0,0,0,0,0,0,0,0,22640,-8480,-13748,32767,-1,-1
148,1.51866E+12,0,0,0,0,0,0,0,0,22640,-8480,-13748,32767,-1,-1
149,1.51866E+12,0,0,0,0,0,0,0,0,22640,-8480,-13748,32767,-1,-1
150,1.51866E+12,0,0,0,0,0,0,0,0,22640,-8480,-13748,32767,-1,-1
151,1.51866E+12,0,0,0,0,0,0,0,0,22640,-8480,-13748,32767,-1,-1
152,1.51866E+12,0,0,0,0,0,0,0,0,22640,-8480,-13748,32767,-1,-1
153,1.51866E+12,0,0,0,0,0,0,0,0,22640,-8480,-13748,32767,-1,-1
154,1.51866E+12,0,0,0,0,0,0,0,0,22640,-8480,-13748,32767,-1,-1
155,1.51866E+12,0,0,0,0,0,0,0,0,22640,-8480,-13748,32767,-1,-1
156,1.51866E+12,0,0,0,0,0,0,0,0,22640,-8480,-13748,32767,-1,-1
157,1.51866E+12,0,0,0,0,0,0,0,0,22640,-8480,-13748,32767,-1,-1
158,1.51866E+12,0,0,0,0,0,0,0,0,22640,-8480,-13748,32767,-1,-1
159,1.51866E+12,0,0,0,0,0,0,0,0,22640,-8480,-13748,32767,-1,-1
160,1.51866E+12,0,0,0,0,0,0,0,0,22640,-8480,-13748,32767,-1,-1
161,1.51866E+12,0,0,0,0,0,0,0,0,22640,-8480,-13748,32767,-1,-1
162,1.51866E+12,0,0,0,0,0,0,0,0,22640,-8480,-13748,32767,-1,-1
163,1.51866E+12,0,0,0,0,0,0,0,0,22640,-8480,-13748,32767,-1,-1
164,1.51866E+12,0,0,0,0,0,0,0,0,22640,-8480,-13748,32767,-1,-1
165,1.51866E+12,0,0,0,0,0,0,0,0,22640,-8480,-13748,32767,-1,-1
166,1.51866E+12,0,0,0,0,0,0,0,0,22640,-8480,-13748,32767,-1,-1
167,1.51866E+12,0,0,0,0,0,0,0,0,22640,-8480,-13748,32767,-1,-1
168,1.51866E+12,0,0,0,0,0,0,0,0,22640,-8480,-13748,32767,-1,-1
169,1.51866E+12,0,0,0,0,0,0,0,0,22640,-8480,-13748,32767,-1,-1
170,1.51866E+12,0,0,0,0,0,0,0,0,22640,-8480,-13748,32767,-1,-1
171,1.51866E+12,0,0,0,0,0,0,0,0,22640,-8480,-13748,32767,-1,-1
172,1.51866E+12,0,0,0,0,0,0,0,0,22640,-8480,-13748,32767,-1,-1
173,1.51866E+12,0,0,0,0,0,0,0,0,22640,-8480,-13748,32767,-1,-1
174,1.51866E+12,0,0,0,0,0,0,0,0,22640,-8480,-13748,32767,-1,-1
175,1.51866E+12,0,0,0,0,0,0,0,0,22640,-8480,-13748,32767,-1,-1
176,1.51866E+12,0,0,0,0,0,0,0,0,22640,-8480,-13748,32767,-1,-1
177,1.51866E+12,0,0,0,0,0,0,0,0,22640,-8480,-13748,32767,-1,-1
178,1.51866E+12,0,0,0,0,0,0,0,0,22640,-8480,-13748,32767,-1,-1
179,1.51866E+12,0,0,0,0,0,0,0,0,22640,-8480,-13748,32767,-1,-1
180,1.51866E+12,0,0,0,0,0,0,0,0,22640,-8480,-13748,32767,-1,-1
181,1.51866E+12,0,0,0,0,0,0,0,0,22640,-8480,-13748,32767,-1,-1
182,1.51866E+12,0,0,0,0,0,0,0,0,22640,-8480,-13748,32767,-1,-1
183,1.51866E+12,0,0,0,0,0,0,0,0,22640,-8480,-13748,32767,-1,-1
184,1.51866E+12,0,0,0,0,0,0,0,0,22640,-8480,-13748,32767,-1,-1
185,1.51866E+12,0,0,0,0,0,0,0,0,22640,-8480,-13748,32767,-1,-1
186,1.51866E+12,0,0,0,0,0,0,0,0,22640,-8480,-13748,32767,-1,-1
187,1.51866E+12,0,0,0,0,0,0,0,0,22640,-8480,-13748,32767,-1,-1
188,1.51866E+12,0,0,0,0,0,0,0,0,22640,-8480,-13748,32767,-1,-1
189,1.51866E+12,0,0,0,0,0,0,0,0,22640,-8480,-13748,32767,-1,-1
190,1.51866E+12,0,0,0,0,0,0,0,0,22640,-8480,-13748,32767,-1,-1
191,1.51866E+12,0,0,0,0,0,0,0,0,22640,-8480,-13748,32767,-1,-1
192,1.51866E+12,0,0,0,0,0,0,0,0,22640,-8480,-13748,32767,-1,-1
193,1.51866E+12,0,0,0,0,0,0,0,0,22640,-8480,-13748,32767,-1,-1
194,1.51866E+12,0,0,0,0,0,0,0,0,22640,-8480,-13748,32767,-1,-1
195,1.51866E+12,0,0,0,0,0,0,0,0,22640,-8480,-13748,32767,-1,-1
196,1.51866E+12,0,0,0,0,0,0,0,0,22640,-8480,-13748,32767,-1,-1
197,1.51866E+12,0,0,0,0,0,0,0,0,22640,-8480,-13748,32767,-1,-1
198,1.51866E+12,0,0,0,0,0,0,0,0,22640,-8480,-13748,32767,-1,-1
199,1.51866E+12,0,0,0,0,0,0,0,0,22640,-8480,-13748,32767,-1,-1
200,1.51866E+12,0,0,0,0,0,0,0,0,22640,-8480,-13748,32767,-1,-1
201,1.51866E+12,0,0,0,0,0,0,0,0,22640,-8480,-13748,32767,-1,-1
202,1.51866E+12,0,0,0,0,0,0,0,0,22640,-8480,-13748,32767,-1,-1
203,1.51866E+12,0,0,0,0,0,0,0,0,22640,-8480,-13748,32767,-1,-1
204,1.51866E+12,0,0,0,0,0,0,0,0,22640,-8480,-13748,32767,-1,-1
205,1.51866E+12,0,0,0,0,0,0,0,0,22640,-8480,-13748,32767,-1,-1
206,1.51866E+12,0,0,0,0,0,0,0,0,22640,-8480,-13748,32767,-1,-1
207,1.51866E+12,0,0,0,0,0,0,0,0,22640,-8480,-13748,32767,-1,-1
208,1.51866E+12,0,0,0,0,0,0,0,0,22640,-8480,-13748,32767,-1,-1
209,1.51866E+12,0,0,0,0,0,0,0,0,22640,-8480,-13748,32767,-1,-1
210,1.51866E+12,0,0,0,0,0,0,0,0,22640,-8480,-13748,32767,-1,-1
211,1.51866E+12,0,0,0,0,0,0,0,0,22640,-8480,-13748,32767,-1,-1
212,1.51866E+12,0,0,0,0,0,0,0,0,22640,-8480,-13748,32767,-1,-1
213,1.51866E+12,0,0,0,0,0,0,0,0,22640,-8480,-13748,32767,-1,-1
214,1.51866E+12,0,0,0,0,0,0,0,0,22640,-8480,-13748,32767,-1,-1
215,1.51866E+12,0,0,0,0,0,0,0,0,22640,-8480,-13748,32767,-1,-1
216,1.51866E+12,0,0,0,0,0,0,0,0,22640,-8480,-13748,32767,-1,-1
217,1.51866E+12,0,0,0,0,0,0,0,0,22640,-8480,-13748,32767,-1,-1
218,1.51866E+12,0,0,0,0,0,0,0,0,22640,-8480,-13748,32767,-1,-1
219,1.51866E+12,0,0,0,0,0,0,0,0,22640,-8480,-13748,32767,-1,-1
220,1.51866E+12,0,0,0,0,0,0,0,0,22640,-8480,-13748,32767,-1,-1
221,1.51866E+12,0,0,0,0,0,0,0,0,22640,-8480,-13748,32767,-1,-1
222,1.51866E+12,0,0,0,0,0,0,0,0,22640,-8480,-13748,32767,-1,-1
223,1.51866E+12,0,0,0,0,0,0,0,0,22640,-8480,-13748,32767,-1,-1
224,1.51866E+12,0,0,0,0,0,0,0,0,22640,-8480,-13748,32767,-1,-1
225,1.51866E+12,0,0,0,0,0,0,0,0,22640,-8480,-13748,32767,-1,-1
226,1.51866E+12,0,0,0,0,0,0,0,0,22640,-8480,-13748,32767,-1,-1
227,1.51866E+12,0,0,0,0,0,0,0,0,22640,-8480,-13748,32767,-1,-1
228,1.51866E+12,0,0,0,0,0,0,0,0,22640,-8480,-13748,32767,-1,-1
229,1.51866E+12,0,0,0,0,0,0,0,0,22640,-8480,-13748,32767,-1,-1
230,1.51866E+12,0,0,0,0,0,0,0,0,22640,-8480,-13748,32767,-1,-1
231,1.51866E+12,0,0,0,0,0,0,0,0,22640,-8480,-13748,32767,-1,-1
232,1.51866E+12,0,0,0,0,0,0,0,0,22640,-8480,-13748,32767,-1,-1
233,1.51866E+12,0,0,0,0,0,0,0,0,22640,-8480,-13748,32767,-1,-1
234,1.51866E+12,0,0,0,0,0,0,0,0,22640,-8480,-13748,32767,-1,-1
235,1.51866E+12,0,0,0,0,0,0,0,0,22640,-8480,-13748,32767,-1,-1
236,1.51866E+12,0,0,0,0,0,0,0,0,22640,-8480,-13748,32767,-1,-1
237,1.51866E+12,0,0,0,0,0,0,0,0,22640,-8480,-13748,32767,-1,-1
238,1.51866E+12,0,0,0,0,0,0,0,0,22640,-8480,-13748,32767,-1,-1
239,1.51866E+12,0,0,0,0,0,0,0,0,22640,-8480,-13748,32767,-1,-1
240,1.51866E+12,0,0,0,0,0,0,0,0,22640,-8480,-13748,32767,-1,-1
241,1.51866E+12,0,0,0,0,0,0,0,0,22640,-8480,-13748,32767,-1,-1
242,1.51866E+12,0,0,0,0,0,0,0,0,22640,-8480,-13748,32767,-1,-1
243,1.51866E+12,0,0,0,0,0,0,0,0,22640,-8480,-13748,32767,-1,-1
244,1.51866E+12,0,0,0,0,0,0,0,0,22640,-8480,-13748,32767,-1,-1
245,1.51866E+12,0,0,0,0,0,0,0,0,22640,-8480,-13748,32767,-1,-1
246,1.51866E+12,0,0,0,0,0,0,0,0,22640,-8480,-13748,32767,-1,-1
247,1.51866E+12,0,0,0,0,0,0,0,0,22640,-8480,-13748,32767,-1,-1
248,1.51866E+12,0,0,0,0,0,0,0,0,22640,-8480,-13748,32767,-1,-1
249,1.51866E+12,0,0,0,0,0,0,0,0,22640,-8480,-13748,32767,-1,-1
250,1.51866E+12,0,0,0,0,0,0,0,0,22640,-8480,-13748,32767,-1,-1
251,1.51866E+12,0,0,0,0,0,0,0,0,22640,-8480,-13748,32767,-1,-1
252,1.51866E+12,0,0,0,0,0,0,0,0,22640,-8480,-13748,32767,-1,-1
253,1.51866E+12,0,0,0,0,0,0,0,0,22640,-8480,-13748,32767,-1,-1
254,1.51866E+12,0,0,0,0,0,0,0,0,22640,-8480,-13748,32767,-1,-1
255,1.51866E+12,0,0,0,0,0,0,0,0,22640,-8480,-13748,32767,-1,-1
256,1.51866E+12,0,0,0,0,0,0,0,0,22640,-8480,-13748,32767,-1,-1
257,1.51866E+12,0,0,0,0,0,0,0,0,22640,-8480,-13748,32767,-1,-1
258,1.51866E+12,0,0,0,0,0,0,0,0,22640,-8480,-13748,32767,-1,-1
259,1.51866E+12,0,0,0,0,0,0,0,0,22640,-8480,-13748,32767,-1,-1
260,1.51866E+12,0,0,0,0,0,0,0,0,22640,-8480,-13748,32767,-1,-1
261,1.51866E+12,0,0,0,0,0,0,0,0,22640,-8480,-13748,32767,-1,-1
262,1.51866E+12,0,0,0,0,0,0,0,0,22640,-8480,-13748,32767,-1,-1
263,1.51866E+12,0,0,0,0,0,0,0,0,22640,-8480,-13748,32767,-1,-1
264,1.51866E+12,0,0,0,0,0,0,0,0,22640,-8480,-13748,32767,-1,-1
265,1.51866E+12,0,0,0,0,0,0,0,0,22640,-8480,-13748,32767,-1,-1
266,1.51866E+12,0,0,0,0,0,0,0,0,22640,-8480,-13748,32767,-1,-1
267,1.51866E+12,0,0,0,0,0,0,0,0,22640,-8480,-13748,32767,-1,-1
268,1.51866E+12,0,0,0,0,0,0,0,0,22640,-8480,-13748,32767,-1,-1
269,1.51866E+12,0,0,0,0,0,0,0,0,22640,-8480,-13748,32767,-1,-1
270,1.51866E+12,0,0,0,0,0,0,0,0,22640,-8480,-13748,32767,-1,-1
271,1.51866E+12,0,0,0,0,0,0,0,0,22640,-8480,-13748,32767,-1,-1
272,1.51866E+12,0,0,0,0,0,0,0,0,22640,-8480,-13748,32767,-1,-1
273,1.51866E+12,0,0,0,0,0,0,0,0,22640,-8480,-13748,32767,-1,-1
274,1.51866E+12,0,0,0,0,0,0,0,0,22640,-8480,-13748,32767,-1,-1
275,1.51866E+12,0,0,0,0,0,0,0,0,22640,-8480,-13748,32767,-1,-1
276,1.51866E+12,0,0,0,0,0,0,0,0,22640,-8480,-13748,32767,-1,-1
277,1.51866E+12,0,0,0,0,0,0,0,0,22640,-8480,-13748,32767,-1,-1
278,1.51866E+12,0,0,0,0,0,0,0,0,22640,-8480,-13748,32767,-1,-1
279,1.51866E+12,0,0,0,0,0,0,0,0,22640,-8480,-13748,32767,-1,-1
280,1.51866E+12,0,0,0,0,0,0,0,0,22640,-8480,-13748,32767,-1,-1
281,1.51866E+12,0,0,0,0,0,0,0,0,22640,-8480,-13748,32767,-1,-1
282,1.51866E+12,0,0,0,0,0,0,0,0,22640,-8480,-13748,32767,-1,-1
283,1.51866E+12,0,0,0,0,0,0,0,0,22640,-8480,-13748,32767,-1,-1
284,1.51866E+12,0,0,0,0,0,0,0,0,22640,-8480,-13748,32767,-1,-1
285,1.51866E+12,0,0,0,0,0,0,0,0,22640,-8480,-13748,32767,-1,-1
286,1.51866E+12,0,0,0,0,0,0,0,0,22640,-8480,-13748,32767,-1,-1
287,1.51866E+12,0,0,0,0,0,0,0,0,22640,-8480,-13748,32767,-1,-1
288,1.51866E+12,0,0,0,0,0,0,0,0,22640,-8480,-13748,32767,-1,-1
289,1.51866E+12,0,0,0,0,0,0,0,0,22640,-8480,-13748,32767,-1,-1
290,1.51866E+12,0,0,0,0,0,0,0,0,22640,-8480,-13748,32767,-1,-1
291,1.51866E+12,0,0,0,0,0,0,0,0,22640,-8480,-13748,32767,-1,-1
292,1.51866E+12,0,0,0,0,0,0,0,0,22640,-8480,-13748,32767,-1,-1
293,1.51866E+12,0,0,0,0,0,0,0,0,22640,-8480,-13748,32767,-1,-1
294,1.51866E+12,0,0,0,0,0,0,0,0,22640,-8480,-13748,32767,-1,-1
295,1.51866E+12,0,0,0,0,0,0,0,0,22640,-8480,-13748,32767,-1,-1
296,1.51866E+12,0,0,0,0,0,0,0,0,22640,-8480,-13748,32767,-1,-1
297,1.51866E+12,0,0,0,0,0,0,0,0,22640,-8480,-13748,32767,-1,-1
298,1.51866E+12,0,0,0,0,0,0,0,0,20924,-15304,-12520,-245,632,-14869
299,1.51866E+12,0,0,0,0,0,0,0,0,13488,-21716,-12176,-10511,-536,-23361
300,1.51866E+12,0,0,0,0,0,0,0,0,23352,-19936,-10276,5086,-12362,-1287
301,1.51866E+12,0,0,0,0,0,0,0,0,26272,-17692,-9236,-4844,-4921,2115
302,1.51866E+12,0,0,0,0,0,0,0,0,23948,-18196,-10836,10375,-909,-4064
303,1.51866E+12,0,0,0,0,0,0,0,0,22516,-19140,-11256,5109,-3606,-2257
304,1.51866E+12,0,0,0,0,0,0,0,0,22204,-20408,-10240,-1875,832,-1829
305,1.51866E+12,0,0,0,0,0,0,0,0,23628,-21120,-9276,-4153,6620,-4020
306,1.51866E+12,0,0,0,0,0,0,0,0,23240,-23004,-9944,-9301,628,-2623
307,1.51866E+12,0,0,0,0,0,0,0,0,23324,-21552,-11944,2242,-4665,-130
308,1.51866E+12,0,0,0,0,0,0,0,0,22184,-22680,-12688,-1367,-3002,-740
309,1.51866E+12,0,0,0,0,0,0,0,0,21948,-21120,-12572,-5615,-3711,2524
310,1.51866E+12,0,0,0,0,0,0,0,0,22436,-20152,-11856,-9278,-14598,9677
311,1.51866E+12,0,0,0,0,0,0,0,0,24992,-19336,-10376,-21400,-17475,14990
312,1.51866E+12,0,0,0,0,0,0,0,0,23820,-23628,-9456,-23235,-18516,5818
313,1.51866E+12,0,0,0,0,0,0,0,0,32676,-21300,-5704,-21672,-26691,-7129
314,1.51866E+12,0,0,0,0,0,0,0,0,31940,-24272,9300,16339,-13790,9265
315,1.51866E+12,0,0,0,0,0,0,0,0,26708,-18460,4216,5265,8032,-7979
316,1.51866E+12,0,0,0,0,0,0,0,0,23828,-19056,520,4434,1858,-7031
317,1.51866E+12,0,0,0,0,0,0,0,0,26504,-18836,1640,3279,-2237,-1566
318,1.51866E+12,0,0,0,0,0,0,0,0,26604,-17928,2272,3464,-1358,-1852
319,1.51866E+12,0,0,0,0,0,0,0,0,26908,-18224,2508,2460,-1891,-1756
320,1.51866E+12,0,0,0,0,0,0,0,0,26656,-18348,3376,507,-1055,-3314
321,1.51866E+12,0,0,0,0,0,0,0,0,28012,-19120,3572,-3629,-1433,-4011
322,1.51866E+12,0,0,0,0,0,0,0,0,28528,-20176,2264,-1588,-1651,-2284
323,1.51866E+12,0,0,0,0,0,0,0,0,29548,-19628,3100,904,-1954,-624
324,1.51866E+12,0,0,0,0,0,0,0,0,28352,-18184,4916,536,-4849,2848
325,1.51866E+12,0,0,0,0,0,0,0,0,29560,-17368,4616,-28,-2735,-767
326,1.51866E+12,0,0,0,0,0,0,0,0,28972,-17288,4216,565,-2577,-1590
327,1.51866E+12,0,0,0,0,0,0,0,0,30124,-18144,4324,247,-902,-1815
328,1.51866E+12,0,0,0,0,0,0,0,0,32420,-18408,5848,-660,1645,-5864
329,1.51866E+12,0,0,0,0,0,0,0,0,32104,-19444,5404,758,-507,-2997
330,1.51866E+12,0,0,0,0,0,0,0,0,30960,-19840,4852,992,813,-1367
331,1.51866E+12,0,0,0,0,0,0,0,0,29516,-19168,3748,1273,2205,-740
332,1.51866E+12,0,0,0,0,0,0,0,0,28536,-19392,3312,872,3389,894
333,1.51866E+12,0,0,0,0,0,0,0,0,28200,-19204,4196,1350,1609,3189
334,1.51866E+12,0,0,0,0,0,0,0,0,29968,-18804,4708,1182,1737,2253
335,1.51866E+12,0,0,0,0,0,0,0,0,29708,-18512,4132,3397,2578,2520
336,1.51866E+12,0,0,0,0,0,0,0,0,28748,-17084,4532,4207,1740,4364
337,1.51866E+12,0,0,0,0,0,0,0,0,28748,-15512,4744,4441,2059,5852
338,1.51866E+12,0,0,0,0,0,0,0,0,27224,-14056,4936,617,937,6619
339,1.51866E+12,0,0,0,0,0,0,0,0,28152,-13528,4032,-977,2732,6574
340,1.51866E+12,0,0,0,0,0,0,0,0,27260,-13544,3492,-259,1268,6306
341,1.51866E+12,0,0,0,0,0,0,0,0,26248,-13080,3732,3229,731,5785
342,1.51866E+12,0,0,0,0,0,0,0,0,26612,-12412,4396,600,-39,4583
343,1.51866E+12,0,0,0,0,0,0,0,0,25956,-9324,4056,783,978,993
344,1.51866E+12,0,0,0,0,0,0,0,0,26824,-10384,3872,-1277,-126,-222
345,1.51866E+12,0,0,0,0,0,0,0,0,27184,-11340,4128,-2058,-384,-68
346,1.51866E+12,0,0,0,0,0,0,0,0,26760,-11756,4068,-1478,-474,-966
347,1.51866E+12,0,0,0,0,0,0,0,0,27240,-11756,3816,-1432,110,-1685
348,1.51866E+12,0,0,0,0,0,0,0,0,26960,-11944,3956,-1083,-751,-1759
349,1.51866E+12,0,0,0,0,0,0,0,0,27476,-12868,3532,506,-243,-2946
350,1.51866E+12,0,0,0,0,0,0,0,0,27500,-12656,4064,1710,-475,-2920
351,1.51866E+12,0,0,0,0,0,0,0,0,27424,-12100,4040,1214,-513,-3514
352,1.51866E+12,0,0,0,0,0,0,0,0,27556,-12640,4672,1418,-436,-3447
353,1.51866E+12,0,0,0,0,0,0,0,0,27804,-12760,4768,19,-1014,-3267
354,1.51866E+12,0,0,0,0,0,0,0,0,27724,-13104,4348,-545,-859,-3725
355,1.51866E+12,0,0,0,0,0,0,0,0,27856,-13648,4464,-296,-907,-3477
356,1.51866E+12,0,0,0,0,0,0,0,0,28248,-13752,4796,-97,-707,-3159
357,1.51866E+12,0,0,0,0,0,0,0,0,28668,-13948,4636,-378,-1001,-2727
358,1.51866E+12,0,0,0,0,0,0,0,0,28172,-13836,5016,-440,-944,-2718
359,1.51866E+12,0,0,0,0,0,0,0,0,28592,-14428,4900,-968,-700,-3249
360,1.51866E+12,0,0,0,0,0,0,0,0,28732,-15352,4744,-486,-755,-3305
361,1.51866E+12,0,0,0,0,0,0,0,0,29212,-15448,4956,921,633,-3591
362,1.51866E+12,0,0,0,0,0,0,0,0,29136,-15456,5224,1523,365,-2903
363,1.51866E+12,0,0,0,0,0,0,0,0,27696,-15580,4884,2484,3035,-3987
364,1.51866E+12,0,0,0,0,0,0,0,0,29116,-14804,5140,1638,-867,-1393
365,1.51866E+12,0,0,0,0,0,0,0,0,28788,-14520,5368,2375,289,-2232
366,1.51866E+12,0,0,0,0,0,0,0,0,28984,-14540,5188,2517,-354,-1485
367,1.51866E+12,0,0,0,0,0,0,0,0,29008,-14412,5292,2315,-150,-2064
368,1.51866E+12,0,0,0,0,0,0,0,0,29084,-13896,5672,1411,663,-2142
369,1.51866E+12,0,0,0,0,0,0,0,0,29268,-13872,6056,-229,-532,-1967
370,1.51866E+12,0,0,0,0,0,0,0,0,29996,-15088,5864,395,357,-1601
371,1.51866E+12,0,0,0,0,0,0,0,0,29436,-14580,5348,35,147,-1075
372,1.51866E+12,0,0,0,0,0,0,0,0,29264,-14384,5796,-1323,-411,-783
373,1.51866E+12,0,0,0,0,0,0,0,0,29668,-14884,5720,-3391,-874,-676
374,1.51866E+12,0,0,0,0,0,0,0,0,30576,-15036,5612,-1803,91,-909
375,1.51866E+12,0,0,0,0,0,0,0,0,29712,-15228,5212,-1505,-929,-20
376,1.51866E+12,0,0,0,0,0,0,0,0,29936,-15320,5504,-198,151,-1353
377,1.51866E+12,0,0,0,0,0,0,0,0,29936,-15364,4876,94,-543,-1037
378,1.51866E+12,0,0,0,0,0,0,0,0,29308,-15420,6440,693,-2796,-1038
379,1.51866E+12,0,0,0,0,0,0,0,0,30744,-15020,6240,-619,-529,-2418
380,1.51866E+12,0,0,0,0,0,0,0,0,30420,-15236,5776,-2580,-2035,-1460
381,1.51866E+12,0,0,0,0,0,0,0,0,31944,-15908,6776,-4283,-1963,-1814
382,1.51866E+12,0,0,0,0,0,0,0,0,31836,-17384,5924,-4623,-2239,-1798
383,1.51866E+12,0,0,0,0,0,0,0,0,32292,-18932,5736,-2793,-2208,-746
384,1.51866E+12,0,0,0,0,0,0,0,0,32172,-18108,5360,-2159,-1251,-637
385,1.51866E+12,0,0,0,0,0,0,0,0,32320,-18068,5804,288,-719,-1336
386,1.51866E+12,0,0,0,0,0,0,0,0,32767,-18284,6296,355,-629,-1570
387,1.51866E+12,0,0,0,0,0,0,0,0,32767,-18420,6424,724,-1890,846
388,1.51866E+12,0,0,0,0,0,0,0,0,32744,-17912,6212,1307,-612,349
389,1.51866E+12,0,0,0,0,0,0,0,0,32767,-17836,6456,-996,-919,249
390,1.51866E+12,0,0,0,0,0,0,0,0,32767,-18184,7164,-826,362,-532
391,1.51866E+12,0,0,0,0,0,0,0,0,32767,-17800,7044,-2665,-3127,1207
392,1.51866E+12,0,0,0,0,0,0,0,0,32767,-16404,8432,-2849,-6338,1922
393,1.51866E+12,0,0,0,0,0,0,0,0,32767,-19784,6436,-5585,-2424,-1225
394,1.51866E+12,0,0,0,0,0,0,0,0,32767,-19968,5444,-6455,-3090,-1451
395,1.51866E+12,0,0,0,0,0,0,0,0,32767,-20364,5144,-1010,-4099,2068
396,1.51866E+12,0,0,0,0,0,0,0,0,32767,-22228,4860,-3411,-39,-503
397,1.51866E+12,0,0,0,0,0,0,0,0,32767,-21832,4556,-215,1164,-698
398,1.51866E+12,0,0,0,0,0,0,0,0,32767,-20192,6655,-1,-1,-1
399,1.51866E+12,0,0,0,0,0,0,0,0,32767,-20192,6655,-1,-1,-1
400,1.51866E+12,0,0,0,0,0,0,0,0,32767,-20192,6655,-1,-1,-1
401,1.51866E+12,0,0,0,0,0,0,0,0,32767,-20192,6655,-1,-1,-1
402,1.51866E+12,0,0,0,0,0,0,0,0,32767,-20192,6655,-1,-1,-1
403,1.51866E+12,0,0,0,0,0,0,0,0,32767,-20192,6655,-1,-1,-1
404,1.51866E+12,0,0,0,0,0,0,0,0,32767,-20192,6655,-1,-1,-1
405,1.51866E+12,0,0,0,0,0,0,0,0,32767,-20192,6655,-1,-1,-1
406,1.51866E+12,0,0,0,0,0,0,0,0,32767,-20192,6655,-1,-1,-1
407,1.51866E+12,0,0,0,0,0,0,0,0,32767,-20192,6655,-1,-1,-1
408,1.51866E+12,0,0,0,0,0,0,0,0,32767,-20192,6655,-1,-1,-1
409,1.51866E+12,0,0,0,0,0,0,0,0,32767,-20192,6655,-1,-1,-1
410,1.51866E+12,0,0,0,0,0,0,0,0,32767,-20192,6655,-1,-1,-1
411,1.51866E+12,0,0,0,0,0,0,0,0,32767,-20192,6655,-1,-1,-1
412,1.51866E+12,0,0,0,0,0,0,0,0,32767,-20192,6655,-1,-1,-1
413,1.51866E+12,0,0,0,0,0,0,0,0,32767,-20192,6655,-1,-1,-1
414,1.51866E+12,0,0,0,0,0,0,0,0,32767,-20192,6655,-1,-1,-1
415,1.51866E+12,0,0,0,0,0,0,0,0,32767,-20192,6655,-1,-1,-1
416,1.51866E+12,0,0,0,0,0,0,0,0,32767,-20192,6655,-1,-1,-1
417,1.51866E+12,0,0,0,0,0,0,0,0,32767,-20192,6655,-1,-1,-1
418,1.51866E+12,0,0,0,0,0,0,0,0,32767,-20192,6655,-1,-1,-1
419,1.51866E+12,0,0,0,0,0,0,0,0,32767,-20192,6655,-1,-1,-1
420,1.51866E+12,0,0,0,0,0,0,0,0,32767,-20192,6655,-1,-1,-1
421,1.51866E+12,0,0,0,0,0,0,0,0,32767,-20192,6655,-1,-1,-1
422,1.51866E+12,0,0,0,0,0,0,0,0,32767,-20192,6655,-1,-1,-1
423,1.51866E+12,0,0,0,0,0,0,0,0,32767,-20192,6655,-1,-1,-1
424,1.51866E+12,0,0,0,0,0,0,0,0,32767,-20192,6655,-1,-1,-1
425,1.51866E+12,0,0,0,0,0,0,0,0,32767,-20192,6655,-1,-1,-1
426,1.51866E+12,0,0,0,0,0,0,0,0,32767,-20192,6655,-1,-1,-1
427,1.51866E+12,0,0,0,0,0,0,0,0,32767,-20192,6655,-1,-1,-1
428,1.51866E+12,0,0,0,0,0,0,0,0,32767,-20604,6204,-1573,3216,-3032
429,1.51866E+12,0,0,0,0,0,0,0,0,32624,-23064,7012,-2689,-812,230
430,1.51866E+12,0,0,0,0,0,0,0,0,32767,-18228,6240,5241,-296,7153
431,1.51866E+12,0,0,0,0,0,0,0,0,32767,-17324,4656,13583,4843,24003
432,1.51866E+12,0,0,0,0,0,0,0,0,32767,-14408,8372,-14589,10641,5313
433,1.51866E+12,0,0,0,0,0,0,0,0,28844,-14660,7912,-2647,4530,-1071
434,1.51866E+12,0,0,0,0,0,0,0,0,30392,-17924,4644,1548,254,635
435,1.51866E+12,0,0,0,0,0,0,0,0,29944,-18964,3400,-675,-4026,3415
436,1.51866E+12,0,0,0,0,0,0,0,0,29580,-16116,2784,5034,-7153,655
437,1.51866E+12,0,0,0,0,0,0,0,0,32767,-17124,5796,-3898,-5478,-558
438,1.51866E+12,0,0,0,0,0,0,0,0,32767,-17452,7039,-1,-1,-1
439,1.51866E+12,0,0,0,0,0,0,0,0,32767,-17452,7039,-1,-1,-1
440,1.51866E+12,0,0,0,0,0,0,0,0,32767,-17452,7039,-1,-1,-1
441,1.51866E+12,0,0,0,0,0,0,0,0,32767,-16688,6708,-9949,8604,-1846
442,1.51866E+12,0,0,0,0,0,0,0,0,30468,-19460,5028,-1924,1299,1294
443,1.51866E+12,0,0,0,0,0,0,0,0,32767,-19652,4952,-1265,1648,411
444,1.51866E+12,0,0,0,0,0,0,0,0,31324,-19828,4992,-156,3223,-351
445,1.51866E+12,0,0,0,0,0,0,0,0,30792,-18752,5280,-757,743,-326
446,1.51866E+12,0,0,0,0,0,0,0,0,31428,-18864,5160,-780,-229,681
447,1.51866E+12,0,0,0,0,0,0,0,0,31952,-19688,4568,-1908,165,-4
448,1.51866E+12,0,0,0,0,0,0,0,0,30544,-19868,4788,-3390,-1391,-146
449,1.51866E+12,0,0,0,0,0,0,0,0,32588,-20192,4576,-1914,-1907,1257
450,1.51866E+12,0,0,0,0,0,0,0,0,31004,-20396,4500,-2006,517,820
451,1.51866E+12,0,0,0,0,0,0,0,0,31732,-19948,5020,-657,1326,136
452,1.51866E+12,0,0,0,0,0,0,0,0,31320,-20648,4124,-1932,-215,-1550
453,1.51866E+12,0,0,0,0,0,0,0,0,32288,-20740,4480,218,1060,-195
454,1.51866E+12,0,0,0,0,0,0,0,0,31028,-20452,7711,-1,-1,-1
455,1.51866E+12,0,0,0,0,0,0,0,0,31028,-20452,7711,-1,-1,-1
456,1.51866E+12,0,0,0,0,0,0,0,0,31028,-20452,7711,-1,-1,-1
457,1.51866E+12,0,0,0,0,0,0,0,0,31028,-20452,7711,-1,-1,-1
458,1.51866E+12,0,0,0,0,0,0,0,0,31028,-20452,7711,-1,-1,-1
459,1.51866E+12,0,0,0,0,0,0,0,0,31028,-20452,7711,-1,-1,-1
460,1.51866E+12,0,0,0,0,0,0,0,0,31028,-20452,7711,-1,-1,-1
461,1.51866E+12,0,0,0,0,0,0,0,0,31028,-20452,7711,-1,-1,-1
462,1.51866E+12,0,0,0,0,0,0,0,0,31028,-20452,7711,-1,-1,-1
463,1.51866E+12,0,0,0,0,0,0,0,0,31028,-20452,7711,-1,-1,-1
464,1.51866E+12,0,0,0,0,0,0,0,0,31028,-20452,7711,-1,-1,-1
465,1.51866E+12,0,0,0,0,0,0,0,0,31028,-20452,7711,-1,-1,-1
466,1.51866E+12,0,0,0,0,0,0,0,0,31028,-20452,7711,-1,-1,-1
467,1.51866E+12,0,0,0,0,0,0,0,0,31028,-20452,7711,-1,-1,-1
468,1.51866E+12,0,0,0,0,0,0,0,0,31028,-20452,7711,-1,-1,-1
469,1.51866E+12,0,0,0,0,0,0,0,0,31028,-20452,7711,-1,-1,-1
470,1.51866E+12,0,0,0,0,0,0,0,0,31028,-20452,7711,-1,-1,-1
471,1.51866E+12,0,0,0,0,0,0,0,0,31028,-20452,7711,-1,-1,-1
472,1.51866E+12,0,0,0,0,0,0,0,0,31028,-20452,7711,-1,-1,-1
473,1.51866E+12,0,0,0,0,0,0,0,0,31028,-20452,7711,-1,-1,-1
474,1.51866E+12,0,0,0,0,0,0,0,0,31028,-20452,7711,-1,-1,-1
475,1.51866E+12,0,0,0,0,0,0,0,0,31028,-20452,7711,-1,-1,-1
476,1.51866E+12,0,0,0,0,0,0,0,0,31028,-20452,7711,-1,-1,-1
477,1.51866E+12,0,0,0,0,0,0,0,0,31028,-20452,7711,-1,-1,-1
478,1.51866E+12,0,0,0,0,0,0,0,0,31028,-20452,7711,-1,-1,-1
479,1.51866E+12,0,0,0,0,0,0,0,0,31028,-20452,7711,-1,-1,-1
480,1.51866E+12,0,0,0,0,0,0,0,0,31028,-20452,7711,-1,-1,-1
481,1.51866E+12,0,0,0,0,0,0,0,0,31028,-20452,7711,-1,-1,-1
482,1.51866E+12,0,0,0,0,0,0,0,0,31028,-20452,7711,-1,-1,-1
483,1.51866E+12,0,0,0,0,0,0,0,0,31028,-20452,7711,-1,-1,-1
484,1.51866E+12,0,0,0,0,0,0,0,0,31028,-20452,7711,-1,-1,-1
485,1.51866E+12,0,0,0,0,0,0,0,0,31028,-20452,7711,-1,-1,-1
486,1.51866E+12,0,0,0,0,0,0,0,0,31028,-20452,7711,-1,-1,-1
487,1.51866E+12,0,0,0,0,0,0,0,0,31028,-20452,7711,-1,-1,-1
488,1.51866E+12,0,0,0,0,0,0,0,0,31028,-20452,7711,-1,-1,-1
489,1.51866E+12,0,0,0,0,0,0,0,0,31028,-20452,7711,-1,-1,-1
490,1.51866E+12,0,0,0,0,0,0,0,0,31028,-20452,7711,-1,-1,-1
491,1.51866E+12,0,0,0,0,0,0,0,0,31028,-20452,7711,-1,-1,-1
492,1.51866E+12,0,0,0,0,0,0,0,0,31028,-20452,7711,-1,-1,-1
493,1.51866E+12,0,0,0,0,0,0,0,0,31028,-20452,7711,-1,-1,-1
494,1.51866E+12,0,0,0,0,0,0,0,0,31028,-20452,7711,-1,-1,-1
495,1.51866E+12,0,0,0,0,0,0,0,0,31028,-20452,7711,-1,-1,-1
496,1.51866E+12,0,0,0,0,0,0,0,0,31028,-20452,7711,-1,-1,-1
497,1.51866E+12,0,0,0,0,0,0,0,0,31028,-20452,7711,-1,-1,-1
498,1.51866E+12,0,0,0,0,0,0,0,0,31028,-20452,7711,-1,-1,-1
499,1.51866E+12,0,0,0,0,0,0,0,0,31028,-20452,7711,-1,-1,-1
500,1.51866E+12,0,0,0,0,0,0,0,0,31028,-20452,7711,-1,-1,-1
501,1.51866E+12,0,0,0,0,0,0,0,0,31028,-20452,7711,-1,-1,-1
502,1.51866E+12,0,0,0,0,0,0,0,0,31028,-20452,7711,-1,-1,-1
503,1.51866E+12,0,0,0,0,0,0,0,0,31028,-20452,7711,-1,-1,-1
504,1.51866E+12,0,0,0,0,0,0,0,0,31028,-20452,7711,-1,-1,-1
505,1.51866E+12,0,0,0,0,0,0,0,0,31028,-20452,7711,-1,-1,-1
506,1.51866E+12,0,0,0,0,0,0,0,0,31028,-20452,7711,-1,-1,-1
507,1.51866E+12,0,0,0,0,0,0,0,0,31028,-20452,7711,-1,-1,-1
508,1.51866E+12,0,0,0,0,0,0,0,0,31028,-20452,7711,-1,-1,-1
509,1.51866E+12,0,0,0,0,0,0,0,0,31028,-20452,7711,-1,-1,-1
510,1.51866E+12,0,0,0,0,0,0,0,0,31028,-20452,7711,-1,-1,-1
511,1.51866E+12,0,0,0,0,0,0,0,0,31028,-20452,7711,-1,-1,-1
512,1.51866E+12,0,0,0,0,0,0,0,0,31028,-20452,7711,-1,-1,-1
513,1.51866E+12,0,0,0,0,0,0,0,0,31028,-20452,7711,-1,-1,-1
514,1.51866E+12,0,0,0,0,0,0,0,0,31028,-20452,7711,-1,-1,-1
515,1.51866E+12,0,0,0,0,0,0,0,0,31028,-20452,7711,-1,-1,-1
516,1.51866E+12,0,0,0,0,0,0,0,0,31028,-20452,7711,-1,-1,-1
517,1.51866E+12,0,0,0,0,0,0,0,0,31028,-20452,7711,-1,-1,-1
518,1.51866E+12,0,0,0,0,0,0,0,0,31028,-20452,7711,-1,-1,-1
519,1.51866E+12,0,0,0,0,0,0,0,0,31028,-20452,7711,-1,-1,-1
520,1.51866E+12,0,0,0,0,0,0,0,0,31028,-20452,7711,-1,-1,-1
521,1.51866E+12,0,0,0,0,0,0,0,0,31028,-20452,7711,-1,-1,-1
522,1.51866E+12,0,0,0,0,0,0,0,0,31028,-20452,7711,-1,-1,-1
523,1.51866E+12,0,0,0,0,0,0,0,0,31028,-20452,7711,-1,-1,-1
524,1.51866E+12,0,0,0,0,0,0,0,0,31028,-20452,7711,-1,-1,-1
525,1.51866E+12,0,0,0,0,0,0,0,0,31028,-20452,7711,-1,-1,-1
526,1.51866E+12,0,0,0,0,0,0,0,0,31028,-20452,7711,-1,-1,-1
527,1.51866E+12,0,0,0,0,0,0,0,0,31028,-20452,7711,-1,-1,-1
528,1.51866E+12,0,0,0,0,0,0,0,0,31028,-20452,7711,-1,-1,-1
529,1.51866E+12,0,0,0,0,0,0,0,0,31028,-20452,7711,-1,-1,-1
530,1.51866E+12,0,0,0,0,0,0,0,0,31028,-20452,7711,-1,-1,-1
531,1.51866E+12,0,0,0,0,0,0,0,0,31028,-20452,7711,-1,-1,-1
532,1.51866E+12,0,0,0,0,0,0,0,0,31028,-20452,7711,-1,-1,-1
533,1.51866E+12,0,0,0,0,0,0,0,0,31028,-20452,7711,-1,-1,-1
534,1.51866E+12,0,0,0,0,0,0,0,0,31028,-20452,7711,-1,-1,-1
535,1.51866E+12,0,0,0,0,0,0,0,0,31028,-20452,7711,-1,-1,-1
536,1.51866E+12,0,0,0,0,0,0,0,0,31028,-20452,7711,-1,-1,-1
537,1.51866E+12,0,0,0,0,0,0,0,0,31028,-20452,7711,-1,-1,-1
538,1.51866E+12,0,0,0,0,0,0,0,0,31028,-20452,7711,-1,-1,-1
539,1.51866E+12,0,0,0,0,0,0,0,0,31028,-20452,7711,-1,-1,-1
540,1.51866E+12,0,0,0,0,0,0,0,0,31028,-20452,7711,-1,-1,-1
541,1.51866E+12,0,0,0,0,0,0,0,0,31028,-20452,7711,-1,-1,-1
542,1.51866E+12,0,0,0,0,0,0,0,0,31028,-20452,7711,-1,-1,-1
543,1.51866E+12,0,0,0,0,0,0,0,0,31028,-20452,7711,-1,-1,-1
544,1.51866E+12,0,0,0,0,0,0,0,0,31028,-20452,7711,-1,-1,-1
545,1.51866E+12,0,0,0,0,0,0,0,0,31028,-20452,7711,-1,-1,-1
546,1.51866E+12,0,0,0,0,0,0,0,0,31028,-20452,7711,-1,-1,-1
547,1.51866E+12,0,0,0,0,0,0,0,0,31028,-20452,7711,-1,-1,-1
548,1.51866E+12,0,0,0,0,0,0,0,0,31028,-20452,7711,-1,-1,-1
549,1.51866E+12,0,0,0,0,0,0,0,0,31028,-20452,7711,-1,-1,-1
550,1.51866E+12,0,0,0,0,0,0,0,0,31028,-20452,7711,-1,-1,-1
551,1.51866E+12,0,0,0,0,0,0,0,0,31028,-20452,7711,-1,-1,-1
552,1.51866E+12,0,0,0,0,0,0,0,0,31028,-20452,7711,-1,-1,-1
553,1.51866E+12,0,0,0,0,0,0,0,0,31028,-20452,7711,-1,-1,-1
554,1.51866E+12,0,0,0,0,0,0,0,0,31028,-20452,7711,-1,-1,-1
555,1.51866E+12,0,0,0,0,0,0,0,0,31028,-20452,7711,-1,-1,-1
556,1.51866E+12,0,0,0,0,0,0,0,0,31028,-20452,7711,-1,-1,-1
557,1.51866E+12,0,0,0,0,0,0,0,0,31028,-20452,7711,-1,-1,-1
558,1.51866E+12,0,0,0,0,0,0,0,0,31028,-20452,7711,-1,-1,-1
559,1.51866E+12,0,0,0,0,0,0,0,0,31028,-20452,7711,-1,-1,-1
560,1.51866E+12,0,0,0,0,0,0,0,0,31028,-20452,7711,-1,-1,-1
561,1.51866E+12,0,0,0,0,0,0,0,0,31028,-20452,7711,-1,-1,-1
562,1.51866E+12,0,0,0,0,0,0,0,0,31028,-20452,7711,-1,-1,-1
563,1.51866E+12,0,0,0,0,0,0,0,0,31028,-20452,7711,-1,-1,-1
564,1.51866E+12,0,0,0,0,0,0,0,0,31028,-20452,7711,-1,-1,-1
565,1.51866E+12,0,0,0,0,0,0,0,0,31028,-20452,7711,-1,-1,-1
566,1.51866E+12,0,0,0,0,0,0,0,0,31028,-20452,7711,-1,-1,-1
567,1.51866E+12,0,0,0,0,0,0,0,0,31028,-20452,7711,-1,-1,-1
568,1.51866E+12,0,0,0,0,0,0,0,0,31028,-20452,7711,-1,-1,-1
569,1.51866E+12,0,0,0,0,0,0,0,0,31028,-20452,7711,-1,-1,-1
570,1.51866E+12,0,0,0,0,0,0,0,0,31028,-20452,7711,-1,-1,-1
571,1.51866E+12,0,0,0,0,0,0,0,0,31028,-20452,7711,-1,-1,-1
572,1.51866E+12,0,0,0,0,0,0,0,0,31028,-20452,7711,-1,-1,-1
573,1.51866E+12,0,0,0,0,0,0,0,0,31028,-20452,7711,-1,-1,-1
574,1.51866E+12,0,0,0,0,0,0,0,0,31028,-20452,7711,-1,-1,-1
575,1.51866E+12,0,0,0,0,0,0,0,0,31028,-20452,7711,-1,-1,-1
576,1.51866E+12,0,0,0,0,0,0,0,0,31028,-20452,7711,-1,-1,-1
577,1.51866E+12,0,0,0,0,0,0,0,0,31028,-20452,7711,-1,-1,-1
578,1.51866E+12,0,0,0,0,0,0,0,0,31028,-20452,7711,-1,-1,-1
579,1.51866E+12,0,0,0,0,0,0,0,0,31028,-20452,7711,-1,-1,-1
580,1.51866E+12,0,0,0,0,0,0,0,0,31028,-20452,7711,-1,-1,-1
581,1.51866E+12,0,0,0,0,0,0,0,0,31028,-20452,7711,-1,-1,-1
582,1.51866E+12,0,0,0,0,0,0,0,0,31028,-20452,7711,-1,-1,-1
583,1.51866E+12,0,0,0,0,0,0,0,0,31028,-20452,7711,-1,-1,-1
584,1.51866E+12,0,0,0,0,0,0,0,0,31028,-20452,7711,-1,-1,-1
585,1.51866E+12,0,0,0,0,0,0,0,0,31028,-20452,7711,-1,-1,-1
586,1.51866E+12,0,0,0,0,0,0,0,0,31028,-20452,7711,-1,-1,-1
587,1.51866E+12,0,0,0,0,0,0,0,0,31028,-20452,7711,-1,-1,-1
588,1.51866E+12,0,0,0,0,0,0,0,0,31028,-20452,7711,-1,-1,-1
589,1.51866E+12,0,0,0,0,0,0,0,0,31028,-20452,7711,-1,-1,-1
590,1.51866E+12,0,0,0,0,0,0,0,0,31028,-20452,7711,-1,-1,-1
591,1.51866E+12,0,0,0,0,0,0,0,0,31028,-20452,7711,-1,-1,-1
592,1.51866E+12,0,0,0,0,0,0,0,0,31028,-20452,7711,-1,-1,-1
593,1.51866E+12,0,0,0,0,0,0,0,0,31028,-20452,7711,-1,-1,-1
594,1.51866E+12,0,0,0,0,0,0,0,0,31028,-20452,7711,-1,-1,-1
595,1.51866E+12,0,0,0,0,0,0,0,0,31028,-20452,7711,-1,-1,-1
596,1.51866E+12,0,0,0,0,0,0,0,0,31028,-20452,7711,-1,-1,-1
597,1.51866E+12,0,0,0,0,0,0,0,0,31028,-20452,7711,-1,-1,-1
598,1.51866E+12,0,0,0,0,0,0,0,0,31028,-20452,7711,-1,-1,-1
599,1.51866E+12,0,0,0,0,0,0,0,0,31028,-20452,7711,-1,-1,-1
600,1.51866E+12,0,0,0,0,0,0,0,0,31028,-20452,7711,-1,-1,-1
601,1.51866E+12,0,0,0,0,0,0,0,0,31028,-20452,7711,-1,-1,-1
602,1.51866E+12,0,0,0,0,0,0,0,0,31028,-20452,7711,-1,-1,-1
603,1.51866E+12,0,0,0,0,0,0,0,0,31028,-20452,7711,-1,-1,-1
604,1.51866E+12,0,0,0,0,0,0,0,0,31028,-20452,7711,-1,-1,-1
605,1.51866E+12,0,0,0,0,0,0,0,0,31028,-20452,7711,-1,-1,-1
606,1.51866E+12,0,0,0,0,0,0,0,0,31028,-20452,7711,-1,-1,-1
607,1.51866E+12,0,0,0,0,0,0,0,0,31028,-20452,7711,-1,-1,-1
608,1.51866E+12,0,0,0,0,0,0,0,0,31028,-20452,7711,-1,-1,-1
609,1.51866E+12,0,0,0,0,0,0,0,0,31028,-20452,7711,-1,-1,-1
610,1.51866E+12,0,0,0,0,0,0,0,0,31028,-20452,7711,-1,-1,-1
611,1.51866E+12,0,0,0,0,0,0,0,0,31028,-20452,7711,-1,-1,-1
612,1.51866E+12,0,0,0,0,0,0,0,0,31028,-20452,7711,-1,-1,-1
613,1.51866E+12,0,0,0,0,0,0,0,0,31028,-20452,7711,-1,-1,-1
614,1.51866E+12,0,0,0,0,0,0,0,0,31028,-20452,7711,-1,-1,-1
615,1.51866E+12,0,0,0,0,0,0,0,0,31028,-20452,7711,-1,-1,-1
616,1.51866E+12,0,0,0,0,0,0,0,0,31028,-20452,7711,-1,-1,-1
617,1.51866E+12,0,0,0,0,0,0,0,0,31028,-20452,7711,-1,-1,-1
618,1.51866E+12,0,0,0,0,0,0,0,0,31028,-20452,7711,-1,-1,-1
619,1.51866E+12,0,0,0,0,0,0,0,0,31028,-20452,7711,-1,-1,-1
620,1.51866E+12,0,0,0,0,0,0,0,0,31028,-20452,7711,-1,-1,-1
621,1.51866E+12,0,0,0,0,0,0,0,0,31028,-20452,7711,-1,-1,-1
622,1.51866E+12,0,0,0,0,0,0,0,0,31028,-20452,7711,-1,-1,-1
623,1.51866E+12,0,0,0,0,0,0,0,0,31028,-20452,7711,-1,-1,-1
624,1.51866E+12,0,0,0,0,0,0,0,0,31028,-20452,7711,-1,-1,-1
625,1.51866E+12,0,0,0,0,0,0,0,0,31028,-20452,7711,-1,-1,-1
626,1.51866E+12,0,0,0,0,0,0,0,0,31028,-20452,7711,-1,-1,-1
627,1.51866E+12,0,0,0,0,0,0,0,0,31028,-20452,7711,-1,-1,-1
628,1.51866E+12,0,0,0,0,0,0,0,0,31028,-20452,7711,-1,-1,-1
629,1.51866E+12,0,0,0,0,0,0,0,0,31028,-20452,7711,-1,-1,-1
630,1.51866E+12,0,0,0,0,0,0,0,0,31028,-20452,7711,-1,-1,-1
631,1.51866E+12,0,0,0,0,0,0,0,0,31028,-20452,7711,-1,-1,-1
632,1.51866E+12,0,0,0,0,0,0,0,0,31028,-20452,7711,-1,-1,-1
633,1.51866E+12,0,0,0,0,0,0,0,0,31028,-20452,7711,-1,-1,-1
634,1.51866E+12,0,0,0,0,0,0,0,0,31028,-20452,7711,-1,-1,-1
635,1.51866E+12,0,0,0,0,0,0,0,0,31028,-20452,7711,-1,-1,-1
636,1.51866E+12,0,0,0,0,0,0,0,0,31028,-20452,7711,-1,-1,-1
637,1.51866E+12,0,0,0,0,0,0,0,0,31028,-20452,7711,-1,-1,-1
638,1.51866E+12,0,0,0,0,0,0,0,0,31028,-20452,7711,-1,-1,-1
639,1.51866E+12,0,0,0,0,0,0,0,0,31028,-20452,7711,-1,-1,-1
640,1.51866E+12,0,0,0,0,0,0,0,0,31028,-20452,7711,-1,-1,-1
641,1.51866E+12,0,0,0,0,0,0,0,0,31028,-20452,7711,-1,-1,-1
642,1.51866E+12,0,0,0,0,0,0,0,0,31028,-20452,7711,-1,-1,-1
643,1.51866E+12,0,0,0,0,0,0,0,0,31028,-20452,7711,-1,-1,-1
644,1.51866E+12,0,0,0,0,0,0,0,0,31028,-20452,7711,-1,-1,-1
645,1.51866E+12,0,0,0,0,0,0,0,0,31028,-20452,7711,-1,-1,-1
646,1.51866E+12,0,0,0,0,0,0,0,0,31028,-20452,7711,-1,-1,-1
647,1.51866E+12,0,0,0,0,0,0,0,0,31028,-20452,7711,-1,-1,-1
648,1.51866E+12,0,0,0,0,0,0,0,0,31028,-20452,7711,-1,-1,-1
649,1.51866E+12,0,0,0,0,0,0,0,0,31028,-20452,7711,-1,-1,-1
650,1.51866E+12,0,0,0,0,0,0,0,0,31028,-20452,7711,-1,-1,-1
651,1.51866E+12,0,0,0,0,0,0,0,0,31028,-20452,7711,-1,-1,-1
652,1.51866E+12,0,0,0,0,0,0,0,0,31028,-20452,7711,-1,-1,-1
653,1.51866E+12,0,0,0,0,0,0,0,0,31028,-20452,7711,-1,-1,-1
654,1.51866E+12,0,0,0,0,0,0,0,0,31028,-20452,7711,-1,-1,-1
655,1.51866E+12,0,0,0,0,0,0,0,0,31028,-20452,7711,-1,-1,-1
656,1.51866E+12,0,0,0,0,0,0,0,0,31028,-20452,7711,-1,-1,-1
657,1.51866E+12,0,0,0,0,0,0,0,0,31028,-20452,7711,-1,-1,-1
658,1.51866E+12,0,0,0,0,0,0,0,0,31028,-20452,7711,-1,-1,-1
659,1.51866E+12,0,0,0,0,0,0,0,0,31028,-20452,7711,-1,-1,-1
660,1.51866E+12,0,0,0,0,0,0,0,0,31028,-20452,7711,-1,-1,-1
661,1.51866E+12,0,0,0,0,0,0,0,0,31028,-20452,7711,-1,-1,-1
662,1.51866E+12,0,0,0,0,0,0,0,0,31028,-20452,7711,-1,-1,-1
663,1.51866E+12,0,0,0,0,0,0,0,0,31028,-20452,7711,-1,-1,-1
664,1.51866E+12,0,0,0,0,0,0,0,0,31028,-20452,7711,-1,-1,-1
665,1.51866E+12,0,0,0,0,0,0,0,0,31028,-20452,7711,-1,-1,-1
666,1.51866E+12,0,0,0,0,0,0,0,0,31028,-20452,7711,-1,-1,-1
667,1.51866E+12,0,0,0,0,0,0,0,0,31028,-20452,7711,-1,-1,-1
668,1.51866E+12,0,0,0,0,0,0,0,0,31028,-20452,7711,-1,-1,-1
669,1.51866E+12,0,0,0,0,0,0,0,0,31028,-20452,7711,-1,-1,-1
670,1.51866E+12,0,0,0,0,0,0,0,0,31028,-20452,7711,-1,-1,-1
671,1.51866E+12,0,0,0,0,0,0,0,0,31028,-20452,7711,-1,-1,-1
672,1.51866E+12,0,0,0,0,0,0,0,0,31028,-20452,7711,-1,-1,-1
673,1.51866E+12,0,0,0,0,0,0,0,0,31028,-20452,7711,-1,-1,-1
674,1.51866E+12,0,0,0,0,0,0,0,0,31028,-20452,7711,-1,-1,-1
675,1.51866E+12,0,0,0,0,0,0,0,0,31028,-20452,7711,-1,-1,-1
676,1.51866E+12,0,0,0,0,0,0,0,0,31028,-20452,7711,-1,-1,-1
677,1.51866E+12,0,0,0,0,0,0,0,0,31028,-20452,7711,-1,-1,-1
678,1.51866E+12,0,0,0,0,0,0,0,0,31028,-20452,7711,-1,-1,-1
679,1.51866E+12,0,0,0,0,0,0,0,0,31028,-20452,7711,-1,-1,-1
680,1.51866E+12,0,0,0,0,0,0,0,0,31028,-20452,7711,-1,-1,-1
681,1.51866E+12,0,0,0,0,0,0,0,0,31028,-20452,7711,-1,-1,-1
682,1.51866E+12,0,0,0,0,0,0,0,0,31028,-20452,7711,-1,-1,-1
683,1.51866E+12,0,0,0,0,0,0,0,0,31028,-20452,7711,-1,-1,-1
684,1.51866E+12,0,0,0,0,0,0,0,0,31028,-20452,7711,-1,-1,-1
685,1.51866E+12,0,0,0,0,0,0,0,0,31028,-20452,7711,-1,-1,-1
686,1.51866E+12,0,0,0,0,0,0,0,0,31028,-20452,7711,-1,-1,-1
687,1.51866E+12,0,0,0,0,0,0,0,0,31028,-20452,7711,-1,-1,-1
688,1.51866E+12,0,0,0,0,0,0,0,0,31028,-20452,7711,-1,-1,-1
689,1.51866E+12,0,0,0,0,0,0,0,0,31028,-20452,7711,-1,-1,-1
690,1.51866E+12,0,0,0,0,0,0,0,0,31028,-20452,7711,-1,-1,-1
691,1.51866E+12,0,0,0,0,0,0,0,0,31028,-20452,7711,-1,-1,-1
692,1.51866E+12,0,0,0,0,0,0,0,0,31028,-20452,7711,-1,-1,-1
693,1.51866E+12,0,0,0,0,0,0,0,0,31028,-20452,7711,-1,-1,-1
694,1.51866E+12,0,0,0,0,0,0,0,0,31028,-20452,7711,-1,-1,-1
695,1.51866E+12,0,0,0,0,0,0,0,0,31028,-20452,7711,-1,-1,-1
696,1.51866E+12,0,0,0,0,0,0,0,0,31028,-20452,7711,-1,-1,-1
697,1.51866E+12,0,0,0,0,0,0,0,0,31028,-20452,7711,-1,-1,-1
698,1.51866E+12,0,0,0,0,0,0,0,0,31028,-20452,7711,-1,-1,-1
699,1.51866E+12,0,0,0,0,0,0,0,0,31028,-20452,7711,-1,-1,-1
700,1.51866E+12,0,0,0,0,0,0,0,0,31028,-20452,7711,-1,-1,-1
701,1.51866E+12,0,0,0,0,0,0,0,0,31028,-20452,7711,-1,-1,-1
702,1.51866E+12,0,0,0,0,0,0,0,0,31028,-20452,7711,-1,-1,-1
703,1.51866E+12,0,0,0,0,0,0,0,0,31028,-20452,7711,-1,-1,-1
704,1.51866E+12,0,0,0,0,0,0,0,0,31028,-20452,7711,-1,-1,-1
705,1.51866E+12,0,0,0,0,0,0,0,0,31028,-20452,7711,-1,-1,-1
706,1.51866E+12,0,0,0,0,0,0,0,0,31028,-20452,7711,-1,-1,-1
707,1.51866E+12,0,0,0,0,0,0,0,0,31028,-20452,7711,-1,-1,-1
708,1.51866E+12,0,0,0,0,0,0,0,0,31028,-20452,7711,-1,-1,-1
709,1.51866E+12,0,0,0,0,0,0,0,0,31824,-23464,5296,-12533,-369,-2489
710,1.51866E+12,0,0,0,0,0,0,0,0,32767,-26076,2372,-6724,-2150,-2271
711,1.51866E+12,0,0,0,0,0,0,0,0,32767,-25268,1220,-11,407,411
712,1.51866E+12,0,0,0,0,0,0,0,0,32767,-25372,1816,4923,3044,2728
713,1.51866E+12,0,0,0,0,0,0,0,0,32724,-23612,2580,5697,3923,3592
714,1.51866E+12,0,0,0,0,0,0,0,0,30480,-23148,3168,7472,3194,3194
715,1.51866E+12,0,0,0,0,0,0,0,0,31612,-21640,4180,7960,1769,668
716,1.51866E+12,0,0,0,0,0,0,0,0,31612,-21640,4180,7960,1769,668
717,1.51866E+12,0,0,0,0,0,0,0,0,31612,-21640,4180,7960,1769,668
718,1.51866E+12,0,0,0,0,0,0,0,0,31612,-21640,4180,7960,1769,668
719,1.51866E+12,0,0,0,0,0,0,0,0,30032,-18144,4112,2395,-5022,3229
720,1.51866E+12,0,0,0,0,0,0,0,0,32620,-17716,4764,-123,-7022,2874
721,1.51866E+12,0,0,0,0,0,0,0,0,32767,-16672,7104,-3413,-3129,-1296
722,1.51866E+12,0,0,0,0,0,0,0,0,32767,-19416,6556,-2231,-1365,-1184
723,1.51866E+12,0,0,0,0,0,0,0,0,32767,-19308,5808,927,-489,-2079
724,1.51866E+12,0,0,0,0,0,0,0,0,32264,-19024,5080,2600,-1178,1633
725,1.51866E+12,0,0,0,0,0,0,0,0,32767,-17876,6056,1472,-787,1873
726,1.51866E+12,0,0,0,0,0,0,0,0,32767,-18172,5980,1017,925,3785
727,1.51866E+12,0,0,0,0,0,0,0,0,29476,-16832,7324,124,-623,6555
728,1.51866E+12,0,0,0,0,0,0,0,0,32767,-16500,6124,-2375,-3028,4395
729,1.51866E+12,0,0,0,0,0,0,0,0,32767,-15772,7248,3262,2919,1064
730,1.51866E+12,0,0,0,0,0,0,0,0,32767,-17020,6036,-3017,5961,580
731,1.51866E+12,0,0,0,0,0,0,0,0,32544,-16976,5232,806,5540,754
732,1.51866E+12,0,0,0,0,0,0,0,0,28084,-13452,7568,2520,1604,2434
733,1.51866E+12,0,0,0,0,0,0,0,0,31276,-14104,7212,908,1666,1247
734,1.51866E+12,0,0,0,0,0,0,0,0,31040,-15836,6636,4511,313,3980
735,1.51866E+12,0,0,0,0,0,0,0,0,31436,-14772,6176,5222,3990,1665
736,1.51866E+12,0,0,0,0,0,0,0,0,29328,-7530,-129,-1,-1,-1
737,1.51866E+12,0,0,0,0,0,0,0,0,29328,-7530,-129,-1,-1,-1
738,1.51866E+12,0,0,0,0,0,0,0,0,29328,-7530,-129,-1,-1,-1
739,1.51866E+12,0,0,0,0,0,0,0,0,29328,-7530,-129,-1,-1,-1
740,1.51866E+12,0,0,0,0,0,0,0,0,29328,-7530,-129,-1,-1,-1
741,1.51866E+12,0,0,0,0,0,0,0,0,29328,-7530,-129,-1,-1,-1
742,1.51866E+12,0,0,0,0,0,0,0,0,29328,-7530,-129,-1,-1,-1
743,1.51866E+12,0,0,0,0,0,0,0,0,29328,-7530,-129,-1,-1,-1
744,1.51866E+12,0,0,0,0,0,0,0,0,29328,-7530,-129,-1,-1,-1
745,1.51866E+12,0,0,0,0,0,0,0,0,29328,-7530,-129,-1,-1,-1
746,1.51866E+12,0,0,0,0,0,0,0,0,29328,-7530,-129,-1,-1,-1
747,1.51866E+12,0,0,0,0,0,0,0,0,29328,-7530,-129,-1,-1,-1
748,1.51866E+12,0,0,0,0,0,0,0,0,29328,-7530,-129,-1,-1,-1
749,1.51866E+12,0,0,0,0,0,0,0,0,29328,-7530,-129,-1,-1,-1
750,1.51866E+12,0,0,0,0,0,0,0,0,29328,-7530,-129,-1,-1,-1
751,1.51866E+12,0,0,0,0,0,0,0,0,29328,-7530,-129,-1,-1,-1
752,1.51866E+12,0,0,0,0,0,0,0,0,29328,-7530,-129,-1,-1,-1
753,1.51866E+12,0,0,0,0,0,0,0,0,29328,-7530,-129,-1,-1,-1
754,1.51866E+12,0,0,0,0,0,0,0,0,29328,-7530,-129,-1,-1,-1
755,1.51866E+12,0,0,0,0,0,0,0,0,29328,-7530,-129,-1,-1,-1
756,1.51866E+12,0,0,0,0,0,0,0,0,29328,-7530,-129,-1,-1,-1
757,1.51866E+12,0,0,0,0,0,0,0,0,29328,-7530,-129,-1,-1,-1
758,1.51866E+12,0,0,0,0,0,0,0,0,29328,-7530,-129,-1,-1,-1
759,1.51866E+12,0,0,0,0,0,0,0,0,29328,-7530,-129,-1,-1,-1
760,1.51866E+12,0,0,0,0,0,0,0,0,29328,-7530,-129,-1,-1,-1
761,1.51866E+12,0,0,0,0,0,0,0,0,29328,-7530,-129,-1,-1,-1
762,1.51866E+12,0,0,0,0,0,0,0,0,29328,-7530,-129,-1,-1,-1
763,1.51866E+12,0,0,0,0,0,0,0,0,29328,-7530,-129,-1,-1,-1
764,1.51866E+12,0,0,0,0,0,0,0,0,29328,-7530,-129,-1,-1,-1
765,1.51866E+12,0,0,0,0,0,0,0,0,29328,-7530,-129,-1,-1,-1
766,1.51866E+12,0,0,0,0,0,0,0,0,29328,-7530,-129,-1,-1,-1
767,1.51866E+12,0,0,0,0,0,0,0,0,29328,-7530,-129,-1,-1,-1
768,1.51866E+12,0,0,0,0,0,0,0,0,29328,-7530,-129,-1,-1,-1
769,1.51866E+12,0,0,0,0,0,0,0,0,29328,-7530,-129,-1,-1,-1
770,1.51866E+12,0,0,0,0,0,0,0,0,29328,-7530,-129,-1,-1,-1
771,1.51866E+12,0,0,0,0,0,0,0,0,29328,-7530,-129,-1,-1,-1
772,1.51866E+12,0,0,0,0,0,0,0,0,29328,-7530,-129,-1,-1,-1
773,1.51866E+12,0,0,0,0,0,0,0,0,29328,-7530,-129,-1,-1,-1
774,1.51866E+12,0,0,0,0,0,0,0,0,29328,-7530,-129,-1,-1,-1
775,1.51866E+12,0,0,0,0,0,0,0,0,29328,-7530,-129,-1,-1,-1
776,1.51866E+12,0,0,0,0,0,0,0,0,29328,-7530,-129,-1,-1,-1
777,1.51866E+12,0,0,0,0,0,0,0,0,29328,-7530,-129,-1,-1,-1
778,1.51866E+12,0,0,0,0,0,0,0,0,29328,-7530,-129,-1,-1,-1
779,1.51866E+12,0,0,0,0,0,0,0,0,29328,-7530,-129,-1,-1,-1
780,1.51866E+12,0,0,0,0,0,0,0,0,29328,-7530,-129,-1,-1,-1
781,1.51866E+12,0,0,0,0,0,0,0,0,29328,-7530,-129,-1,-1,-1
782,1.51866E+12,0,0,0,0,0,0,0,0,29328,-7530,-129,-1,-1,-1
783,1.51866E+12,0,0,0,0,0,0,0,0,29328,-7530,-129,-1,-1,-1
784,1.51866E+12,0,0,0,0,0,0,0,0,29328,-7530,-129,-1,-1,-1
785,1.51866E+12,0,0,0,0,0,0,0,0,29328,-7530,-129,-1,-1,-1
786,1.51866E+12,0,0,0,0,0,0,0,0,29328,-7530,-129,-1,-1,-1
787,1.51866E+12,0,0,0,0,0,0,0,0,29328,-7530,-129,-1,-1,-1
788,1.51866E+12,0,0,0,0,0,0,0,0,29328,-7530,-129,-1,-1,-1
789,1.51866E+12,0,0,0,0,0,0,0,0,29328,-7530,-129,-1,-1,-1
790,1.51866E+12,0,0,0,0,0,0,0,0,29328,-7530,-129,-1,-1,-1
791,1.51866E+12,0,0,0,0,0,0,0,0,29328,-7530,-129,-1,-1,-1
792,1.51866E+12,0,0,0,0,0,0,0,0,29328,-7530,-129,-1,-1,-1
793,1.51866E+12,0,0,0,0,0,0,0,0,29328,-7530,-129,-1,-1,-1
794,1.51866E+12,0,0,0,0,0,0,0,0,29328,-7530,-129,-1,-1,-1
795,1.51866E+12,0,0,0,0,0,0,0,0,29328,-7530,-129,-1,-1,-1
796,1.51866E+12,0,0,0,0,0,0,0,0,29328,-7530,-129,-1,-1,-1
797,1.51866E+12,0,0,0,0,0,0,0,0,29328,-7530,-129,-1,-1,-1
798,1.51866E+12,0,0,0,0,0,0,0,0,29328,-7530,-129,-1,-1,-1
799,1.51866E+12,0,0,0,0,0,0,0,0,29328,-7530,-129,-1,-1,-1
800,1.51866E+12,0,0,0,0,0,0,0,0,29328,-7530,-129,-1,-1,-1
801,1.51866E+12,0,0,0,0,0,0,0,0,29328,-7530,-129,-1,-1,-1
802,1.51866E+12,0,0,0,0,0,0,0,0,29328,-7530,-129,-1,-1,-1
803,1.51866E+12,0,0,0,0,0,0,0,0,29328,-7530,-129,-1,-1,-1
804,1.51866E+12,0,0,0,0,0,0,0,0,29328,-7530,-129,-1,-1,-1
805,1.51866E+12,0,0,0,0,0,0,0,0,29328,-7530,-129,-1,-1,-1
806,1.51866E+12,0,0,0,0,0,0,0,0,29328,-7530,-129,-1,-1,-1
807,1.51866E+12,0,0,0,0,0,0,0,0,29328,-7530,-129,-1,-1,-1
808,1.51866E+12,0,0,0,0,0,0,0,0,29328,-7530,-129,-1,-1,-1
809,1.51866E+12,0,0,0,0,0,0,0,0,29328,-7530,-129,-1,-1,-1
810,1.51866E+12,0,0,0,0,0,0,0,0,29328,-7530,-129,-1,-1,-1
811,1.51866E+12,0,0,0,0,0,0,0,0,29328,-7530,-129,-1,-1,-1
812,1.51866E+12,0,0,0,0,0,0,0,0,29328,-7530,-129,-1,-1,-1
813,1.51866E+12,0,0,0,0,0,0,0,0,29328,-7530,-129,-1,-1,-1
814,1.51866E+12,0,0,0,0,0,0,0,0,29328,-7530,-129,-1,-1,-1
815,1.51866E+12,0,0,0,0,0,0,0,0,29328,-7530,-129,-1,-1,-1
816,1.51866E+12,0,0,0,0,0,0,0,0,29328,-7530,-129,-1,-1,-1
817,1.51866E+12,0,0,0,0,0,0,0,0,29328,-7530,-129,-1,-1,-1
818,1.51866E+12,0,0,0,0,0,0,0,0,29328,-7530,-129,-1,-1,-1
819,1.51866E+12,0,0,0,0,0,0,0,0,29328,-7530,-129,-1,-1,-1
820,1.51866E+12,0,0,0,0,0,0,0,0,29328,-7530,-129,-1,-1,-1
821,1.51866E+12,0,0,0,0,0,0,0,0,29328,-7530,-129,-1,-1,-1
822,1.51866E+12,0,0,0,0,0,0,0,0,29328,-7530,-129,-1,-1,-1
823,1.51866E+12,0,0,0,0,0,0,0,0,29328,-7530,-129,-1,-1,-1
824,1.51866E+12,0,0,0,0,0,0,0,0,29328,-7530,-129,-1,-1,-1
825,1.51866E+12,0,0,0,0,0,0,0,0,29328,-7530,-129,-1,-1,-1
826,1.51866E+12,0,0,0,0,0,0,0,0,29328,-7530,-129,-1,-1,-1
827,1.51866E+12,0,0,0,0,0,0,0,0,29328,-7530,-129,-1,-1,-1
828,1.51866E+12,0,0,0,0,0,0,0,0,29328,-7530,-129,-1,-1,-1
829,1.51866E+12,0,0,0,0,0,0,0,0,29328,-7530,-129,-1,-1,-1
830,1.51866E+12,0,0,0,0,0,0,0,0,29328,-7530,-129,-1,-1,-1
831,1.51866E+12,0,0,0,0,0,0,0,0,29328,-7530,-129,-1,-1,-1
832,1.51866E+12,0,0,0,0,0,0,0,0,29328,-7530,-129,-1,-1,-1
833,1.51866E+12,0,0,0,0,0,0,0,0,29328,-7530,-129,-1,-1,-1
834,1.51866E+12,0,0,0,0,0,0,0,0,29328,-7530,-129,-1,-1,-1
835,1.51866E+12,0,0,0,0,0,0,0,0,29328,-7530,-129,-1,-1,-1
836,1.51866E+12,0,0,0,0,0,0,0,0,29328,-7530,-129,-1,-1,-1
837,1.51866E+12,0,0,0,0,0,0,0,0,29328,-7530,-129,-1,-1,-1
838,1.51866E+12,0,0,0,0,0,0,0,0,29328,-7530,-129,-1,-1,-1
839,1.51866E+12,0,0,0,0,0,0,0,0,29328,-7530,-129,-1,-1,-1
840,1.51866E+12,0,0,0,0,0,0,0,0,29328,-7530,-129,-1,-1,-1
841,1.51866E+12,0,0,0,0,0,0,0,0,29328,-7530,-129,-1,-1,-1
842,1.51866E+12,0,0,0,0,0,0,0,0,29328,-7530,-129,-1,-1,-1
843,1.51866E+12,0,0,0,0,0,0,0,0,29328,-7530,-129,-1,-1,-1
844,1.51866E+12,0,0,0,0,0,0,0,0,29328,-7530,-129,-1,-1,-1
845,1.51866E+12,0,0,0,0,0,0,0,0,29328,-7530,-129,-1,-1,-1
846,1.51866E+12,0,0,0,0,0,0,0,0,29328,-7530,-129,-1,-1,-1
847,1.51866E+12,0,0,0,0,0,0,0,0,29328,-7530,-129,-1,-1,-1
848,1.51866E+12,0,0,0,0,0,0,0,0,29328,-7530,-129,-1,-1,-1
849,1.51866E+12,0,0,0,0,0,0,0,0,29328,-7530,-129,-1,-1,-1
850,1.51866E+12,0,0,0,0,0,0,0,0,29328,-7530,-129,-1,-1,-1
851,1.51866E+12,0,0,0,0,0,0,0,0,29328,-7530,-129,-1,-1,-1
852,1.51866E+12,0,0,0,0,0,0,0,0,29328,-7530,-129,-1,-1,-1
853,1.51866E+12,0,0,0,0,0,0,0,0,29328,-7530,-129,-1,-1,-1
854,1.51866E+12,0,0,0,0,0,0,0,0,29328,-7530,-129,-1,-1,-1
855,1.51866E+12,0,0,0,0,0,0,0,0,29328,-7530,-129,-1,-1,-1
856,1.51866E+12,0,0,0,0,0,0,0,0,29328,-7530,-129,-1,-1,-1
857,1.51866E+12,0,0,0,0,0,0,0,0,32767,-12076,-11748,-32768,-8679,-5764
858,1.51866E+12,0,0,0,0,0,0,0,0,28740,-15376,-7288,-20397,1331,-13219
859,1.51866E+12,0,0,0,0,0,0,0,0,24676,-13028,-10096,7937,8469,-5528
860,1.51866E+12,0,0,0,0,0,0,0,0,18704,-8748,-20884,17491,3377,-924
861,1.51866E+12,0,0,0,0,0,0,0,0,20528,-8748,-19932,7693,-2473,1844
862,1.51866E+12,0,0,0,0,0,0,0,0,20528,-8748,-19932,7693,-2473,1844
863,1.51866E+12,0,0,0,0,0,0,0,0,20528,-8748,-19932,7693,-2473,1844
864,1.51866E+12,0,0,0,0,0,0,0,0,20528,-8748,-19932,7693,-2473,1844
865,1.51866E+12,0,0,0,0,0,0,0,0,20528,-8748,-19932,7693,-2473,1844
866,1.51866E+12,0,0,0,0,0,0,0,0,20528,-8748,-19932,7693,-2473,1844
867,1.51866E+12,0,0,0,0,0,0,0,0,20528,-8748,-19932,7693,-2473,1844
868,1.51866E+12,0,0,0,0,0,0,0,0,20528,-8748,-19932,7693,-2473,1844
869,1.51866E+12,0,0,0,0,0,0,0,0,20528,-8748,-19932,7693,-2473,1844
870,1.51866E+12,0,0,0,0,0,0,0,0,20528,-8748,-19932,7693,-2473,1844
871,1.51866E+12,0,0,0,0,0,0,0,0,20528,-8748,-19932,7693,-2473,1844
872,1.51866E+12,0,0,0,0,0,0,0,0,20528,-8748,-19932,7693,-2473,1844
873,1.51866E+12,0,0,0,0,0,0,0,0,20528,-8748,-19932,7693,-2473,1844
874,1.51866E+12,0,0,0,0,0,0,0,0,20528,-8748,-19932,7693,-2473,1844
875,1.51866E+12,0,0,0,0,0,0,0,0,20528,-8748,-19932,7693,-2473,1844
876,1.51866E+12,0,0,0,0,0,0,0,0,20528,-8748,-19932,7693,-2473,1844
877,1.51866E+12,0,0,0,0,0,0,0,0,20528,-8748,-19932,7693,-2473,1844
878,1.51866E+12,0,0,0,0,0,0,0,0,20528,-8748,-19932,7693,-2473,1844
879,1.51866E+12,0,0,0,0,0,0,0,0,20528,-8748,-19932,7693,-2473,1844
880,1.51866E+12,0,0,0,0,0,0,0,0,20528,-8748,-19932,7693,-2473,1844
881,1.51866E+12,0,0,0,0,0,0,0,0,20528,-8748,-19932,7693,-2473,1844
882,1.51866E+12,0,0,0,0,0,0,0,0,20528,-8748,-19932,7693,-2473,1844
883,1.51866E+12,0,0,0,0,0,0,0,0,20528,-8748,-19932,7693,-2473,1844
884,1.51866E+12,0,0,0,0,0,0,0,0,20528,-8748,-19932,7693,-2473,1844
885,1.51866E+12,0,0,0,0,0,0,0,0,20528,-8748,-19932,7693,-2473,1844
886,1.51866E+12,0,0,0,0,0,0,0,0,20528,-8748,-19932,7693,-2473,1844
887,1.51866E+12,0,0,0,0,0,0,0,0,20528,-8748,-19932,7693,-2473,1844
888,1.51866E+12,0,0,0,0,0,0,0,0,20528,-8748,-19932,7693,-2473,1844
889,1.51866E+12,0,0,0,0,0,0,0,0,20528,-8748,-19932,7693,-2473,1844
890,1.51866E+12,0,0,0,0,0,0,0,0,20528,-8748,-19932,7693,-2473,1844
891,1.51866E+12,0,0,0,0,0,0,0,0,20528,-8748,-19932,7693,-2473,1844
892,1.51866E+12,0,0,0,0,0,0,0,0,20528,-8748,-19932,7693,-2473,1844
893,1.51866E+12,0,0,0,0,0,0,0,0,20528,-8748,-19932,7693,-2473,1844
894,1.51866E+12,0,0,0,0,0,0,0,0,20528,-8748,-19932,7693,-2473,1844
895,1.51866E+12,0,0,0,0,0,0,0,0,20528,-8748,-19932,7693,-2473,1844
896,1.51866E+12,0,0,0,0,0,0,0,0,20528,-8748,-19932,7693,-2473,1844
897,1.51866E+12,0,0,0,0,0,0,0,0,20528,-8748,-19932,7693,-2473,1844
898,1.51866E+12,0,0,0,0,0,0,0,0,20528,-8748,-19932,7693,-2473,1844
899,1.51866E+12,0,0,0,0,0,0,0,0,20528,-8748,-19932,7693,-2473,1844
900,1.51866E+12,0,0,0,0,0,0,0,0,20528,-8748,-19932,7693,-2473,1844
901,1.51866E+12,0,0,0,0,0,0,0,0,20528,-8748,-19932,7693,-2473,1844
902,1.51866E+12,0,0,0,0,0,0,0,0,20528,-8748,-19932,7693,-2473,1844
903,1.51866E+12,0,0,0,0,0,0,0,0,20528,-8748,-19932,7693,-2473,1844
904,1.51866E+12,0,0,0,0,0,0,0,0,20528,-8748,-19932,7693,-2473,1844
905,1.51866E+12,0,0,0,0,0,0,0,0,20528,-8748,-19932,7693,-2473,1844
906,1.51866E+12,0,0,0,0,0,0,0,0,20528,-8748,-19932,7693,-2473,1844
907,1.51866E+12,0,0,0,0,0,0,0,0,20528,-8748,-19932,7693,-2473,1844
908,1.51866E+12,0,0,0,0,0,0,0,0,20528,-8748,-19932,7693,-2473,1844
909,1.51866E+12,0,0,0,0,0,0,0,0,20528,-8748,-19932,7693,-2473,1844
910,1.51866E+12,0,0,0,0,0,0,0,0,20528,-8748,-19932,7693,-2473,1844
911,1.51866E+12,0,0,0,0,0,0,0,0,20528,-8748,-19932,7693,-2473,1844
912,1.51866E+12,0,0,0,0,0,0,0,0,20528,-8748,-19932,7693,-2473,1844
913,1.51866E+12,0,0,0,0,0,0,0,0,20528,-8748,-19932,7693,-2473,1844
914,1.51866E+12,0,0,0,0,0,0,0,0,20528,-8748,-19932,7693,-2473,1844
915,1.51866E+12,0,0,0,0,0,0,0,0,20528,-8748,-19932,7693,-2473,1844
916,1.51866E+12,0,0,0,0,0,0,0,0,20528,-8748,-19932,7693,-2473,1844
917,1.51866E+12,0,0,0,0,0,0,0,0,20528,-8748,-19932,7693,-2473,1844
918,1.51866E+12,0,0,0,0,0,0,0,0,20528,-8748,-19932,7693,-2473,1844
919,1.51866E+12,0,0,0,0,0,0,0,0,20528,-8748,-19932,7693,-2473,1844
920,1.51866E+12,0,0,0,0,0,0,0,0,20528,-8748,-19932,7693,-2473,1844
921,1.51866E+12,0,0,0,0,0,0,0,0,20528,-8748,-19932,7693,-2473,1844
922,1.51866E+12,0,0,0,0,0,0,0,0,20528,-8748,-19932,7693,-2473,1844
923,1.51866E+12,0,0,0,0,0,0,0,0,20528,-8748,-19932,7693,-2473,1844
924,1.51866E+12,0,0,0,0,0,0,0,0,20528,-8748,-19932,7693,-2473,1844
925,1.51866E+12,0,0,0,0,0,0,0,0,20528,-8748,-19932,7693,-2473,1844
926,1.51866E+12,0,0,0,0,0,0,0,0,20528,-8748,-19932,7693,-2473,1844
927,1.51866E+12,0,0,0,0,0,0,0,0,20528,-8748,-19932,7693,-2473,1844
928,1.51866E+12,0,0,0,0,0,0,0,0,20528,-8748,-19932,7693,-2473,1844
929,1.51866E+12,0,0,0,0,0,0,0,0,20528,-8748,-19932,7693,-2473,1844
930,1.51866E+12,0,0,0,0,0,0,0,0,20528,-8748,-19932,7693,-2473,1844
931,1.51866E+12,0,0,0,0,0,0,0,0,20528,-8748,-19932,7693,-2473,1844
932,1.51866E+12,0,0,0,0,0,0,0,0,20528,-8748,-19932,7693,-2473,1844
933,1.51866E+12,0,0,0,0,0,0,0,0,20528,-8748,-19932,7693,-2473,1844
934,1.51866E+12,0,0,0,0,0,0,0,0,20528,-8748,-19932,7693,-2473,1844
935,1.51866E+12,0,0,0,0,0,0,0,0,20528,-8748,-19932,7693,-2473,1844
936,1.51866E+12,0,0,0,0,0,0,0,0,20528,-8748,-19932,7693,-2473,1844
937,1.51866E+12,0,0,0,0,0,0,0,0,20528,-8748,-19932,7693,-2473,1844
938,1.51866E+12,0,0,0,0,0,0,0,0,20528,-8748,-19932,7693,-2473,1844
939,1.51866E+12,0,0,0,0,0,0,0,0,20528,-8748,-19932,7693,-2473,1844
940,1.51866E+12,0,0,0,0,0,0,0,0,20528,-8748,-19932,7693,-2473,1844
941,1.51866E+12,0,0,0,0,0,0,0,0,20528,-8748,-19932,7693,-2473,1844
942,1.51866E+12,0,0,0,0,0,0,0,0,20528,-8748,-19932,7693,-2473,1844
943,1.51866E+12,0,0,0,0,0,0,0,0,20528,-8748,-19932,7693,-2473,1844
944,1.51866E+12,0,0,0,0,0,0,0,0,20528,-8748,-19932,7693,-2473,1844
945,1.51866E+12,0,0,0,0,0,0,0,0,20528,-8748,-19932,7693,-2473,1844
946,1.51866E+12,0,0,0,0,0,0,0,0,20528,-8748,-19932,7693,-2473,1844
947,1.51866E+12,0,0,0,0,0,0,0,0,20528,-8748,-19932,7693,-2473,1844
948,1.51866E+12,0,0,0,0,0,0,0,0,20528,-8748,-19932,7693,-2473,1844
949,1.51866E+12,0,0,0,0,0,0,0,0,20528,-8748,-19932,7693,-2473,1844
950,1.51866E+12,0,0,0,0,0,0,0,0,20528,-8748,-19932,7693,-2473,1844
951,1.51866E+12,0,0,0,0,0,0,0,0,20528,-8748,-19932,7693,-2473,1844
952,1.51866E+12,0,0,0,0,0,0,0,0,20528,-8748,-19932,7693,-2473,1844
953,1.51866E+12,0,0,0,0,0,0,0,0,20528,-8748,-19932,7693,-2473,1844
954,1.51866E+12,0,0,0,0,0,0,0,0,20528,-8748,-19932,7693,-2473,1844
955,1.51866E+12,0,0,0,0,0,0,0,0,20528,-8748,-19932,7693,-2473,1844
956,1.51866E+12,0,0,0,0,0,0,0,0,20528,-8748,-19932,7693,-2473,1844
957,1.51866E+12,0,0,0,0,0,0,0,0,20528,-8748,-19932,7693,-2473,1844
958,1.51866E+12,0,0,0,0,0,0,0,0,20528,-8748,-19932,7693,-2473,1844
959,1.51866E+12,0,0,0,0,0,0,0,0,20528,-8748,-19932,7693,-2473,1844
960,1.51866E+12,0,0,0,0,0,0,0,0,20528,-8748,-19932,7693,-2473,1844
961,1.51866E+12,0,0,0,0,0,0,0,0,20528,-8748,-19932,7693,-2473,1844
962,1.51866E+12,0,0,0,0,0,0,0,0,20528,-8748,-19932,7693,-2473,1844
963,1.51866E+12,0,0,0,0,0,0,0,0,20528,-8748,-19932,7693,-2473,1844
964,1.51866E+12,0,0,0,0,0,0,0,0,20528,-8748,-19932,7693,-2473,1844
965,1.51866E+12,0,0,0,0,0,0,0,0,20528,-8748,-19932,7693,-2473,1844
966,1.51866E+12,0,0,0,0,0,0,0,0,20528,-8748,-19932,7693,-2473,1844
967,1.51866E+12,0,0,0,0,0,0,0,0,20528,-8748,-19932,7693,-2473,1844
968,1.51866E+12,0,0,0,0,0,0,0,0,20528,-8748,-19932,7693,-2473,1844
969,1.51866E+12,0,0,0,0,0,0,0,0,20528,-8748,-19932,7693,-2473,1844
970,1.51866E+12,0,0,0,0,0,0,0,0,20528,-8748,-19932,7693,-2473,1844
971,1.51866E+12,0,0,0,0,0,0,0,0,20528,-8748,-19932,7693,-2473,1844
972,1.51866E+12,0,0,0,0,0,0,0,0,20528,-8748,-19932,7693,-2473,1844
973,1.51866E+12,0,0,0,0,0,0,0,0,20528,-8748,-19932,7693,-2473,1844
974,1.51866E+12,0,0,0,0,0,0,0,0,20528,-8748,-19932,7693,-2473,1844
975,1.51866E+12,0,0,0,0,0,0,0,0,20528,-8748,-19932,7693,-2473,1844
976,1.51866E+12,0,0,0,0,0,0,0,0,20528,-8748,-19932,7693,-2473,1844
977,1.51866E+12,0,0,0,0,0,0,0,0,20528,-8748,-19932,7693,-2473,1844
978,1.51866E+12,0,0,0,0,0,0,0,0,20528,-8748,-19932,7693,-2473,1844
979,1.51866E+12,0,0,0,0,0,0,0,0,20528,-8748,-19932,7693,-2473,1844
980,1.51866E+12,0,0,0,0,0,0,0,0,20528,-8748,-19932,7693,-2473,1844
981,1.51866E+12,0,0,0,0,0,0,0,0,20528,-8748,-19932,7693,-2473,1844
982,1.51866E+12,0,0,0,0,0,0,0,0,20528,-8748,-19932,7693,-2473,1844
983,1.51866E+12,0,0,0,0,0,0,0,0,20528,-8748,-19932,7693,-2473,1844
984,1.51866E+12,0,0,0,0,0,0,0,0,20528,-8748,-19932,7693,-2473,1844
985,1.51866E+12,0,0,0,0,0,0,0,0,20528,-8748,-19932,7693,-2473,1844
986,1.51866E+12,0,0,0,0,0,0,0,0,20528,-8748,-19932,7693,-2473,1844
987,1.51866E+12,0,0,0,0,0,0,0,0,20528,-8748,-19932,7693,-2473,1844
988,1.51866E+12,0,0,0,0,0,0,0,0,20528,-8748,-19932,7693,-2473,1844
989,1.51866E+12,0,0,0,0,0,0,0,0,20528,-8748,-19932,7693,-2473,1844
990,1.51866E+12,0,0,0,0,0,0,0,0,20528,-8748,-19932,7693,-2473,1844
991,1.51866E+12,0,0,0,0,0,0,0,0,20528,-8748,-19932,7693,-2473,1844
992,1.51866E+12,0,0,0,0,0,0,0,0,20528,-8748,-19932,7693,-2473,1844
993,1.51866E+12,0,0,0,0,0,0,0,0,20528,-8748,-19932,7693,-2473,1844
994,1.51866E+12,0,0,0,0,0,0,0,0,20528,-8748,-19932,7693,-2473,1844
995,1.51866E+12,0,0,0,0,0,0,0,0,20528,-8748,-19932,7693,-2473,1844
996,1.51866E+12,0,0,0,0,0,0,0,0,20528,-8748,-19932,7693,-2473,1844
997,1.51866E+12,0,0,0,0,0,0,0,0,20528,-8748,-19932,7693,-2473,1844
998,1.51866E+12,0,0,0,0,0,0,0,0,20528,-8748,-19932,7693,-2473,1844
999,1.51866E+12,0,0,0,0,0,0,0,0,20528,-8748,-19932,7693,-2473,1844
1000,1.51866E+12,0,0,0,0,0,0,0,0,20528,-8748,-19932,7693,-2473,1844
1001,1.51866E+12,0,0,0,0,0,0,0,0,20528,-8748,-19932,7693,-2473,1844
1002,1.51866E+12,0,0,0,0,0,0,0,0,20528,-8748,-19932,7693,-2473,1844
1003,1.51866E+12,0,0,0,0,0,0,0,0,20528,-8748,-19932,7693,-2473,1844
1004,1.51866E+12,0,0,0,0,0,0,0,0,20528,-8748,-19932,7693,-2473,1844
1005,1.51866E+12,0,0,0,0,0,0,0,0,20528,-8748,-19932,7693,-2473,1844
1006,1.51866E+12,0,0,0,0,0,0,0,0,20528,-8748,-19932,7693,-2473,1844
1007,1.51866E+12,0,0,0,0,0,0,0,0,20528,-8748,-19932,7693,-2473,1844
1008,1.51866E+12,0,0,0,0,0,0,0,0,20528,-8748,-19932,7693,-2473,1844
1009,1.51866E+12,0,0,0,0,0,0,0,0,20528,-8748,-19932,7693,-2473,1844
1010,1.51866E+12,0,0,0,0,0,0,0,0,20528,-8748,-19932,7693,-2473,1844
1011,1.51866E+12,0,0,0,0,0,0,0,0,20528,-8748,-19932,7693,-2473,1844
1012,1.51866E+12,0,0,0,0,0,0,0,0,20528,-8748,-19932,7693,-2473,1844
1013,1.51866E+12,0,0,0,0,0,0,0,0,20528,-8748,-19932,7693,-2473,1844
1014,1.51866E+12,0,0,0,0,0,0,0,0,20528,-8748,-19932,7693,-2473,1844
1015,1.51866E+12,0,0,0,0,0,0,0,0,20528,-8748,-19932,7693,-2473,1844
1016,1.51866E+12,0,0,0,0,0,0,0,0,20528,-8748,-19932,7693,-2473,1844
1017,1.51866E+12,0,0,0,0,0,0,0,0,20528,-8748,-19932,7693,-2473,1844
1018,1.51866E+12,0,0,0,0,0,0,0,0,20528,-8748,-19932,7693,-2473,1844
1019,1.51866E+12,0,0,0,0,0,0,0,0,20528,-8748,-19932,7693,-2473,1844
1020,1.51866E+12,0,0,0,0,0,0,0,0,20528,-8748,-19932,7693,-2473,1844
1021,1.51866E+12,0,0,0,0,0,0,0,0,20528,-8748,-19932,7693,-2473,1844
1022,1.51866E+12,0,0,0,0,0,0,0,0,20528,-8748,-19932,7693,-2473,1844
1023,1.51866E+12,0,0,0,0,0,0,0,0,20528,-8748,-19932,7693,-2473,1844
1024,1.51866E+12,0,0,0,0,0,0,0,0,20528,-8748,-19932,7693,-2473,1844
1025,1.51866E+12,0,0,0,0,0,0,0,0,20528,-8748,-19932,7693,-2473,1844
1026,1.51866E+12,0,0,0,0,0,0,0,0,20528,-8748,-19932,7693,-2473,1844
1027,1.51866E+12,0,0,0,0,0,0,0,0,20528,-8748,-19932,7693,-2473,1844
1028,1.51866E+12,0,0,0,0,0,0,0,0,20528,-8748,-19932,7693,-2473,1844
1029,1.51866E+12,0,0,0,0,0,0,0,0,20528,-8748,-19932,7693,-2473,1844
1030,1.51866E+12,0,0,0,0,0,0,0,0,20528,-8748,-19932,7693,-2473,1844
1031,1.51866E+12,0,0,0,0,0,0,0,0,20528,-8748,-19932,7693,-2473,1844
1032,1.51866E+12,0,0,0,0,0,0,0,0,20528,-8748,-19932,7693,-2473,1844
1033,1.51866E+12,0,0,0,0,0,0,0,0,20528,-8748,-19932,7693,-2473,1844
1034,1.51866E+12,0,0,0,0,0,0,0,0,20528,-8748,-19932,7693,-2473,1844
1035,1.51866E+12,0,0,0,0,0,0,0,0,20528,-8748,-19932,7693,-2473,1844
1036,1.51866E+12,0,0,0,0,0,0,0,0,20528,-8748,-19932,7693,-2473,1844
1037,1.51866E+12,0,0,0,0,0,0,0,0,20528,-8748,-19932,7693,-2473,1844
1038,1.51866E+12,0,0,0,0,0,0,0,0,20528,-8748,-19932,7693,-2473,1844
1039,1.51866E+12,0,0,0,0,0,0,0,0,20528,-8748,-19932,7693,-2473,1844
1040,1.51866E+12,0,0,0,0,0,0,0,0,20528,-8748,-19932,7693,-2473,1844
1041,1.51866E+12,0,0,0,0,0,0,0,0,20528,-8748,-19932,7693,-2473,1844
1042,1.51866E+12,0,0,0,0,0,0,0,0,20528,-8748,-19932,7693,-2473,1844
1043,1.51866E+12,0,0,0,0,0,0,0,0,20528,-8748,-19932,7693,-2473,1844
1044,1.51866E+12,0,0,0,0,0,0,0,0,20528,-8748,-19932,7693,-2473,1844
1045,1.51866E+12,0,0,0,0,0,0,0,0,20528,-8748,-19932,7693,-2473,1844
1046,1.51866E+12,0,0,0,0,0,0,0,0,20528,-8748,-19932,7693,-2473,1844
1047,1.51866E+12,0,0,0,0,0,0,0,0,20528,-8748,-19932,7693,-2473,1844
1048,1.51866E+12,0,0,0,0,0,0,0,0,20528,-8748,-19932,7693,-2473,1844
1049,1.51866E+12,0,0,0,0,0,0,0,0,20528,-8748,-19932,7693,-2473,1844
1050,1.51866E+12,0,0,0,0,0,0,0,0,20528,-8748,-19932,7693,-2473,1844
1051,1.51866E+12,0,0,0,0,0,0,0,0,20528,-8748,-19932,7693,-2473,1844
1052,1.51866E+12,0,0,0,0,0,0,0,0,20528,-8748,-19932,7693,-2473,1844
1053,1.51866E+12,0,0,0,0,0,0,0,0,20528,-8748,-19932,7693,-2473,1844
1054,1.51866E+12,0,0,0,0,0,0,0,0,20528,-8748,-19932,7693,-2473,1844
1055,1.51866E+12,0,0,0,0,0,0,0,0,20528,-8748,-19932,7693,-2473,1844
1056,1.51866E+12,0,0,0,0,0,0,0,0,20528,-8748,-19932,7693,-2473,1844
1057,1.51866E+12,0,0,0,0,0,0,0,0,20528,-8748,-19932,7693,-2473,1844
1058,1.51866E+12,0,0,0,0,0,0,0,0,20528,-8748,-19932,7693,-2473,1844
1059,1.51866E+12,0,0,0,0,0,0,0,0,20528,-8748,-19932,7693,-2473,1844
1060,1.51866E+12,0,0,0,0,0,0,0,0,20528,-8748,-19932,7693,-2473,1844
1061,1.51866E+12,0,0,0,0,0,0,0,0,20528,-8748,-19932,7693,-2473,1844
1062,1.51866E+12,0,0,0,0,0,0,0,0,20528,-8748,-19932,7693,-2473,1844
1063,1.51866E+12,0,0,0,0,0,0,0,0,20528,-8748,-19932,7693,-2473,1844
1064,1.51866E+12,0,0,0,0,0,0,0,0,20528,-8748,-19932,7693,-2473,1844
1065,1.51866E+12,0,0,0,0,0,0,0,0,20528,-8748,-19932,7693,-2473,1844
1066,1.51866E+12,0,0,0,0,0,0,0,0,20528,-8748,-19932,7693,-2473,1844
1067,1.51866E+12,0,0,0,0,0,0,0,0,20528,-8748,-19932,7693,-2473,1844
1068,1.51866E+12,0,0,0,0,0,0,0,0,20528,-8748,-19932,7693,-2473,1844
1069,1.51866E+12,0,0,0,0,0,0,0,0,20528,-8748,-19932,7693,-2473,1844
1070,1.51866E+12,0,0,0,0,0,0,0,0,20528,-8748,-19932,7693,-2473,1844
1071,1.51866E+12,0,0,0,0,0,0,0,0,20528,-8748,-19932,7693,-2473,1844
1072,1.51866E+12,0,0,0,0,0,0,0,0,20528,-8748,-19932,7693,-2473,1844
1073,1.51866E+12,0,0,0,0,0,0,0,0,20528,-8748,-19932,7693,-2473,1844
1074,1.51866E+12,0,0,0,0,0,0,0,0,24296,-21228,-3476,383,399,-1081
